,County,Battery Electric Vehicles (BEVs),Month,Year
0,Adams,1,1,2017
1,Asotin,4,1,2017
2,Benton,129,1,2017
3,Chelan,54,1,2017
4,Clallam,73,1,2017
5,Clark,673,1,2017
6,Columbia,0,1,2017
7,Cowlitz,51,1,2017
8,Douglas,29,1,2017
9,Ferry,2,1,2017
10,Franklin,27,1,2017
11,Garfield,0,1,2017
12,Grant,16,1,2017
13,Grays Harbor,27,1,2017
14,Island,104,1,2017
15,Jefferson,87,1,2017
16,King,8810,1,2017
17,Kitsap,557,1,2017
18,Kittitas,15,1,2017
19,Klickitat,20,1,2017
20,Lewis,43,1,2017
21,Lincoln,2,1,2017
22,Mason,48,1,2017
23,Okanogan,3,1,2017
24,Pacific,5,1,2017
25,Pend Oreille,1,1,2017
26,Pierce,822,1,2017
27,San Juan,84,1,2017
28,Skagit,107,1,2017
29,Skamania,7,1,2017
30,Snohomish,1550,1,2017
31,Spokane,222,1,2017
32,Stevens,6,1,2017
33,Thurston,336,1,2017
34,Wahkiakum,0,1,2017
35,Walla Walla,16,1,2017
36,Whatcom,385,1,2017
37,Whitman,8,1,2017
38,Yakima,36,1,2017
39,Adams,2,2,2017
40,Asotin,4,2,2017
41,Benton,134,2,2017
42,Chelan,55,2,2017
43,Clallam,75,2,2017
44,Clark,695,2,2017
45,Columbia,0,2,2017
46,Cowlitz,50,2,2017
47,Douglas,30,2,2017
48,Ferry,2,2,2017
49,Franklin,26,2,2017
50,Garfield,0,2,2017
51,Grant,16,2,2017
52,Grays Harbor,27,2,2017
53,Island,100,2,2017
54,Jefferson,89,2,2017
55,King,9104,2,2017
56,Kitsap,562,2,2017
57,Kittitas,15,2,2017
58,Klickitat,20,2,2017
59,Lewis,45,2,2017
60,Lincoln,2,2,2017
61,Mason,47,2,2017
62,Okanogan,3,2,2017
63,Pacific,5,2,2017
64,Pend Oreille,1,2,2017
65,Pierce,862,2,2017
66,San Juan,88,2,2017
67,Skagit,114,2,2017
68,Skamania,7,2,2017
69,Snohomish,1605,2,2017
70,Spokane,227,2,2017
71,Stevens,6,2,2017
72,Thurston,351,2,2017
73,Wahkiakum,0,2,2017
74,Walla Walla,17,2,2017
75,Whatcom,403,2,2017
76,Whitman,8,2,2017
77,Yakima,36,2,2017
78,Adams,2,3,2017
79,Asotin,5,3,2017
80,Benton,140,3,2017
81,Chelan,55,3,2017
82,Clallam,77,3,2017
83,Clark,718,3,2017
84,Columbia,0,3,2017
85,Cowlitz,51,3,2017
86,Douglas,29,3,2017
87,Ferry,2,3,2017
88,Franklin,26,3,2017
89,Garfield,0,3,2017
90,Grant,17,3,2017
91,Grays Harbor,27,3,2017
92,Island,105,3,2017
93,Jefferson,94,3,2017
94,King,9323,3,2017
95,Kitsap,573,3,2017
96,Kittitas,17,3,2017
97,Klickitat,21,3,2017
98,Lewis,45,3,2017
99,Lincoln,2,3,2017
100,Mason,50,3,2017
101,Okanogan,3,3,2017
102,Pacific,6,3,2017
103,Pend Oreille,1,3,2017
104,Pierce,876,3,2017
105,San Juan,88,3,2017
106,Skagit,119,3,2017
107,Skamania,8,3,2017
108,Snohomish,1657,3,2017
109,Spokane,233,3,2017
110,Stevens,6,3,2017
111,Thurston,365,3,2017
112,Wahkiakum,0,3,2017
113,Walla Walla,20,3,2017
114,Whatcom,418,3,2017
115,Whitman,9,3,2017
116,Yakima,36,3,2017
117,Adams,2,4,2017
118,Asotin,6,4,2017
119,Benton,143,4,2017
120,Chelan,55,4,2017
121,Clallam,80,4,2017
122,Clark,755,4,2017
123,Columbia,0,4,2017
124,Cowlitz,52,4,2017
125,Douglas,31,4,2017
126,Ferry,2,4,2017
127,Franklin,27,4,2017
128,Garfield,0,4,2017
129,Grant,18,4,2017
130,Grays Harbor,29,4,2017
131,Island,108,4,2017
132,Jefferson,98,4,2017
133,King,9564,4,2017
134,Kitsap,585,4,2017
135,Kittitas,21,4,2017
136,Klickitat,22,4,2017
137,Lewis,46,4,2017
138,Lincoln,2,4,2017
139,Mason,49,4,2017
140,Okanogan,3,4,2017
141,Pacific,9,4,2017
142,Pend Oreille,1,4,2017
143,Pierce,917,4,2017
144,San Juan,98,4,2017
145,Skagit,124,4,2017
146,Skamania,9,4,2017
147,Snohomish,1710,4,2017
148,Spokane,237,4,2017
149,Stevens,8,4,2017
150,Thurston,385,4,2017
151,Wahkiakum,0,4,2017
152,Walla Walla,22,4,2017
153,Whatcom,443,4,2017
154,Whitman,9,4,2017
155,Yakima,38,4,2017
156,Adams,2,5,2017
157,Asotin,6,5,2017
158,Benton,146,5,2017
159,Chelan,60,5,2017
160,Clallam,84,5,2017
161,Clark,770,5,2017
162,Columbia,0,5,2017
163,Cowlitz,52,5,2017
164,Douglas,32,5,2017
165,Ferry,1,5,2017
166,Franklin,28,5,2017
167,Garfield,0,5,2017
168,Grant,20,5,2017
169,Grays Harbor,31,5,2017
170,Island,113,5,2017
171,Jefferson,103,5,2017
172,King,9802,5,2017
173,Kitsap,596,5,2017
174,Kittitas,22,5,2017
175,Klickitat,22,5,2017
176,Lewis,49,5,2017
177,Lincoln,2,5,2017
178,Mason,51,5,2017
179,Okanogan,3,5,2017
180,Pacific,9,5,2017
181,Pend Oreille,2,5,2017
182,Pierce,933,5,2017
183,San Juan,104,5,2017
184,Skagit,135,5,2017
185,Skamania,9,5,2017
186,Snohomish,1740,5,2017
187,Spokane,246,5,2017
188,Stevens,8,5,2017
189,Thurston,390,5,2017
190,Wahkiakum,0,5,2017
191,Walla Walla,23,5,2017
192,Whatcom,457,5,2017
193,Whitman,10,5,2017
194,Yakima,42,5,2017
195,Adams,2,6,2017
196,Asotin,6,6,2017
197,Benton,148,6,2017
198,Chelan,67,6,2017
199,Clallam,90,6,2017
200,Clark,787,6,2017
201,Columbia,1,6,2017
202,Cowlitz,50,6,2017
203,Douglas,34,6,2017
204,Ferry,1,6,2017
205,Franklin,26,6,2017
206,Garfield,0,6,2017
207,Grant,20,6,2017
208,Grays Harbor,35,6,2017
209,Island,117,6,2017
210,Jefferson,104,6,2017
211,King,10033,6,2017
212,Kitsap,606,6,2017
213,Kittitas,21,6,2017
214,Klickitat,23,6,2017
215,Lewis,51,6,2017
216,Lincoln,2,6,2017
217,Mason,56,6,2017
218,Okanogan,4,6,2017
219,Pacific,10,6,2017
220,Pend Oreille,3,6,2017
221,Pierce,956,6,2017
222,San Juan,107,6,2017
223,Skagit,141,6,2017
224,Skamania,9,6,2017
225,Snohomish,1794,6,2017
226,Spokane,254,6,2017
227,Stevens,8,6,2017
228,Thurston,398,6,2017
229,Wahkiakum,0,6,2017
230,Walla Walla,25,6,2017
231,Whatcom,464,6,2017
232,Whitman,10,6,2017
233,Yakima,45,6,2017
234,Adams,3,7,2017
235,Asotin,8,7,2017
236,Benton,155,7,2017
237,Chelan,68,7,2017
238,Clallam,93,7,2017
239,Clark,795,7,2017
240,Columbia,1,7,2017
241,Cowlitz,52,7,2017
242,Douglas,35,7,2017
243,Ferry,1,7,2017
244,Franklin,26,7,2017
245,Garfield,0,7,2017
246,Grant,19,7,2017
247,Grays Harbor,36,7,2017
248,Island,121,7,2017
249,Jefferson,107,7,2017
250,King,10260,7,2017
251,Kitsap,623,7,2017
252,Kittitas,24,7,2017
253,Klickitat,23,7,2017
254,Lewis,52,7,2017
255,Lincoln,2,7,2017
256,Mason,57,7,2017
257,Okanogan,4,7,2017
258,Pacific,10,7,2017
259,Pend Oreille,3,7,2017
260,Pierce,986,7,2017
261,San Juan,112,7,2017
262,Skagit,142,7,2017
263,Skamania,9,7,2017
264,Snohomish,1819,7,2017
265,Spokane,263,7,2017
266,Stevens,8,7,2017
267,Thurston,418,7,2017
268,Wahkiakum,0,7,2017
269,Walla Walla,27,7,2017
270,Whatcom,476,7,2017
271,Whitman,12,7,2017
272,Yakima,49,7,2017
273,Adams,3,8,2017
274,Asotin,8,8,2017
275,Benton,161,8,2017
276,Chelan,72,8,2017
277,Clallam,96,8,2017
278,Clark,794,8,2017
279,Columbia,1,8,2017
280,Cowlitz,50,8,2017
281,Douglas,35,8,2017
282,Ferry,1,8,2017
283,Franklin,27,8,2017
284,Garfield,1,8,2017
285,Grant,19,8,2017
286,Grays Harbor,37,8,2017
287,Island,124,8,2017
288,Jefferson,112,8,2017
289,King,10445,8,2017
290,Kitsap,638,8,2017
291,Kittitas,27,8,2017
292,Klickitat,22,8,2017
293,Lewis,55,8,2017
294,Lincoln,1,8,2017
295,Mason,59,8,2017
296,Okanogan,4,8,2017
297,Pacific,10,8,2017
298,Pend Oreille,3,8,2017
299,Pierce,999,8,2017
300,San Juan,113,8,2017
301,Skagit,141,8,2017
302,Skamania,10,8,2017
303,Snohomish,1848,8,2017
304,Spokane,269,8,2017
305,Stevens,8,8,2017
306,Thurston,421,8,2017
307,Wahkiakum,0,8,2017
308,Walla Walla,27,8,2017
309,Whatcom,483,8,2017
310,Whitman,11,8,2017
311,Yakima,54,8,2017
312,Adams,3,9,2017
313,Asotin,7,9,2017
314,Benton,163,9,2017
315,Chelan,75,9,2017
316,Clallam,95,9,2017
317,Clark,810,9,2017
318,Columbia,1,9,2017
319,Cowlitz,52,9,2017
320,Douglas,35,9,2017
321,Ferry,1,9,2017
322,Franklin,29,9,2017
323,Garfield,1,9,2017
324,Grant,20,9,2017
325,Grays Harbor,38,9,2017
326,Island,129,9,2017
327,Jefferson,114,9,2017
328,King,10658,9,2017
329,Kitsap,654,9,2017
330,Kittitas,33,9,2017
331,Klickitat,23,9,2017
332,Lewis,53,9,2017
333,Lincoln,2,9,2017
334,Mason,61,9,2017
335,Okanogan,5,9,2017
336,Pacific,12,9,2017
337,Pend Oreille,3,9,2017
338,Pierce,1012,9,2017
339,San Juan,117,9,2017
340,Skagit,149,9,2017
341,Skamania,10,9,2017
342,Snohomish,1912,9,2017
343,Spokane,277,9,2017
344,Stevens,8,9,2017
345,Thurston,435,9,2017
346,Wahkiakum,0,9,2017
347,Walla Walla,27,9,2017
348,Whatcom,498,9,2017
349,Whitman,12,9,2017
350,Yakima,57,9,2017
351,Adams,3,10,2017
352,Asotin,7,10,2017
353,Benton,164,10,2017
354,Chelan,77,10,2017
355,Clallam,96,10,2017
356,Clark,829,10,2017
357,Columbia,1,10,2017
358,Cowlitz,54,10,2017
359,Douglas,36,10,2017
360,Ferry,1,10,2017
361,Franklin,31,10,2017
362,Garfield,1,10,2017
363,Grant,20,10,2017
364,Grays Harbor,38,10,2017
365,Island,138,10,2017
366,Jefferson,116,10,2017
367,King,10946,10,2017
368,Kitsap,662,10,2017
369,Kittitas,33,10,2017
370,Klickitat,23,10,2017
371,Lewis,53,10,2017
372,Lincoln,2,10,2017
373,Mason,61,10,2017
374,Okanogan,5,10,2017
375,Pacific,14,10,2017
376,Pend Oreille,3,10,2017
377,Pierce,1040,10,2017
378,San Juan,127,10,2017
379,Skagit,152,10,2017
380,Skamania,10,10,2017
381,Snohomish,1948,10,2017
382,Spokane,287,10,2017
383,Stevens,9,10,2017
384,Thurston,442,10,2017
385,Wahkiakum,0,10,2017
386,Walla Walla,28,10,2017
387,Whatcom,512,10,2017
388,Whitman,12,10,2017
389,Yakima,57,10,2017
390,Adams,3,11,2017
391,Asotin,7,11,2017
392,Benton,165,11,2017
393,Chelan,83,11,2017
394,Clallam,98,11,2017
395,Clark,840,11,2017
396,Columbia,2,11,2017
397,Cowlitz,54,11,2017
398,Douglas,37,11,2017
399,Ferry,1,11,2017
400,Franklin,31,11,2017
401,Garfield,1,11,2017
402,Grant,24,11,2017
403,Grays Harbor,42,11,2017
404,Island,147,11,2017
405,Jefferson,116,11,2017
406,King,11135,11,2017
407,Kitsap,677,11,2017
408,Kittitas,34,11,2017
409,Klickitat,24,11,2017
410,Lewis,53,11,2017
411,Lincoln,2,11,2017
412,Mason,63,11,2017
413,Okanogan,5,11,2017
414,Pacific,15,11,2017
415,Pend Oreille,3,11,2017
416,Pierce,1050,11,2017
417,San Juan,126,11,2017
418,Skagit,160,11,2017
419,Skamania,10,11,2017
420,Snohomish,1988,11,2017
421,Spokane,292,11,2017
422,Stevens,10,11,2017
423,Thurston,457,11,2017
424,Wahkiakum,0,11,2017
425,Walla Walla,29,11,2017
426,Whatcom,525,11,2017
427,Whitman,16,11,2017
428,Yakima,57,11,2017
429,Adams,4,12,2017
430,Asotin,8,12,2017
431,Benton,172,12,2017
432,Chelan,86,12,2017
433,Clallam,99,12,2017
434,Clark,851,12,2017
435,Columbia,2,12,2017
436,Cowlitz,54,12,2017
437,Douglas,38,12,2017
438,Ferry,1,12,2017
439,Franklin,30,12,2017
440,Garfield,1,12,2017
441,Grant,26,12,2017
442,Grays Harbor,42,12,2017
443,Island,155,12,2017
444,Jefferson,121,12,2017
445,King,11282,12,2017
446,Kitsap,694,12,2017
447,Kittitas,35,12,2017
448,Klickitat,24,12,2017
449,Lewis,54,12,2017
450,Lincoln,2,12,2017
451,Mason,66,12,2017
452,Okanogan,7,12,2017
453,Pacific,15,12,2017
454,Pend Oreille,3,12,2017
455,Pierce,1071,12,2017
456,San Juan,132,12,2017
457,Skagit,168,12,2017
458,Skamania,10,12,2017
459,Snohomish,2017,12,2017
460,Spokane,298,12,2017
461,Stevens,10,12,2017
462,Thurston,470,12,2017
463,Wahkiakum,0,12,2017
464,Walla Walla,29,12,2017
465,Whatcom,533,12,2017
466,Whitman,17,12,2017
467,Yakima,59,12,2017
468,Adams,4,1,2018
469,Asotin,8,1,2018
470,Benton,175,1,2018
471,Chelan,94,1,2018
472,Clallam,106,1,2018
473,Clark,873,1,2018
474,Columbia,2,1,2018
475,Cowlitz,54,1,2018
476,Douglas,43,1,2018
477,Ferry,1,1,2018
478,Franklin,31,1,2018
479,Garfield,1,1,2018
480,Grant,29,1,2018
481,Grays Harbor,42,1,2018
482,Island,159,1,2018
483,Jefferson,124,1,2018
484,King,11624,1,2018
485,Kitsap,707,1,2018
486,Kittitas,36,1,2018
487,Klickitat,24,1,2018
488,Lewis,52,1,2018
489,Lincoln,2,1,2018
490,Mason,65,1,2018
491,Okanogan,7,1,2018
492,Pacific,15,1,2018
493,Pend Oreille,4,1,2018
494,Pierce,1095,1,2018
495,San Juan,137,1,2018
496,Skagit,171,1,2018
497,Skamania,11,1,2018
498,Snohomish,2074,1,2018
499,Spokane,301,1,2018
500,Stevens,10,1,2018
501,Thurston,487,1,2018
502,Wahkiakum,0,1,2018
503,Walla Walla,30,1,2018
504,Whatcom,549,1,2018
505,Whitman,18,1,2018
506,Yakima,60,1,2018
507,Adams,5,2,2018
508,Asotin,8,2,2018
509,Benton,175,2,2018
510,Chelan,94,2,2018
511,Clallam,109,2,2018
512,Clark,888,2,2018
513,Columbia,2,2,2018
514,Cowlitz,54,2,2018
515,Douglas,43,2,2018
516,Ferry,1,2,2018
517,Franklin,32,2,2018
518,Garfield,1,2,2018
519,Grant,31,2,2018
520,Grays Harbor,42,2,2018
521,Island,165,2,2018
522,Jefferson,127,2,2018
523,King,11763,2,2018
524,Kitsap,717,2,2018
525,Kittitas,36,2,2018
526,Klickitat,25,2,2018
527,Lewis,52,2,2018
528,Lincoln,2,2,2018
529,Mason,64,2,2018
530,Okanogan,7,2,2018
531,Pacific,15,2,2018
532,Pend Oreille,4,2,2018
533,Pierce,1116,2,2018
534,San Juan,140,2,2018
535,Skagit,173,2,2018
536,Skamania,11,2,2018
537,Snohomish,2089,2,2018
538,Spokane,307,2,2018
539,Stevens,10,2,2018
540,Thurston,492,2,2018
541,Wahkiakum,0,2,2018
542,Walla Walla,31,2,2018
543,Whatcom,557,2,2018
544,Whitman,18,2,2018
545,Yakima,61,2,2018
546,Adams,5,3,2018
547,Asotin,8,3,2018
548,Benton,176,3,2018
549,Chelan,96,3,2018
550,Clallam,119,3,2018
551,Clark,918,3,2018
552,Columbia,2,3,2018
553,Cowlitz,55,3,2018
554,Douglas,42,3,2018
555,Ferry,1,3,2018
556,Franklin,34,3,2018
557,Garfield,1,3,2018
558,Grant,32,3,2018
559,Grays Harbor,45,3,2018
560,Island,175,3,2018
561,Jefferson,132,3,2018
562,King,11976,3,2018
563,Kitsap,741,3,2018
564,Kittitas,40,3,2018
565,Klickitat,26,3,2018
566,Lewis,55,3,2018
567,Lincoln,2,3,2018
568,Mason,68,3,2018
569,Okanogan,7,3,2018
570,Pacific,15,3,2018
571,Pend Oreille,4,3,2018
572,Pierce,1126,3,2018
573,San Juan,140,3,2018
574,Skagit,174,3,2018
575,Skamania,12,3,2018
576,Snohomish,2134,3,2018
577,Spokane,305,3,2018
578,Stevens,9,3,2018
579,Thurston,518,3,2018
580,Wahkiakum,1,3,2018
581,Walla Walla,32,3,2018
582,Whatcom,576,3,2018
583,Whitman,18,3,2018
584,Yakima,63,3,2018
585,Adams,5,4,2018
586,Asotin,8,4,2018
587,Benton,178,4,2018
588,Chelan,98,4,2018
589,Clallam,117,4,2018
590,Clark,943,4,2018
591,Columbia,2,4,2018
592,Cowlitz,55,4,2018
593,Douglas,41,4,2018
594,Ferry,2,4,2018
595,Franklin,37,4,2018
596,Garfield,1,4,2018
597,Grant,31,4,2018
598,Grays Harbor,47,4,2018
599,Island,184,4,2018
600,Jefferson,134,4,2018
601,King,12289,4,2018
602,Kitsap,743,4,2018
603,Kittitas,40,4,2018
604,Klickitat,25,4,2018
605,Lewis,78,4,2018
606,Lincoln,2,4,2018
607,Mason,71,4,2018
608,Okanogan,8,4,2018
609,Pacific,14,4,2018
610,Pend Oreille,4,4,2018
611,Pierce,1154,4,2018
612,San Juan,141,4,2018
613,Skagit,183,4,2018
614,Skamania,12,4,2018
615,Snohomish,2190,4,2018
616,Spokane,319,4,2018
617,Stevens,10,4,2018
618,Thurston,523,4,2018
619,Wahkiakum,1,4,2018
620,Walla Walla,34,4,2018
621,Whatcom,595,4,2018
622,Whitman,20,4,2018
623,Yakima,62,4,2018
624,Adams,5,5,2018
625,Asotin,8,5,2018
626,Benton,188,5,2018
627,Chelan,103,5,2018
628,Clallam,119,5,2018
629,Clark,963,5,2018
630,Columbia,2,5,2018
631,Cowlitz,58,5,2018
632,Douglas,44,5,2018
633,Ferry,2,5,2018
634,Franklin,38,5,2018
635,Garfield,1,5,2018
636,Grant,30,5,2018
637,Grays Harbor,50,5,2018
638,Island,187,5,2018
639,Jefferson,138,5,2018
640,King,12749,5,2018
641,Kitsap,781,5,2018
642,Kittitas,44,5,2018
643,Klickitat,26,5,2018
644,Lewis,78,5,2018
645,Lincoln,2,5,2018
646,Mason,77,5,2018
647,Okanogan,8,5,2018
648,Pacific,16,5,2018
649,Pend Oreille,4,5,2018
650,Pierce,1185,5,2018
651,San Juan,141,5,2018
652,Skagit,199,5,2018
653,Skamania,12,5,2018
654,Snohomish,2282,5,2018
655,Spokane,325,5,2018
656,Stevens,11,5,2018
657,Thurston,548,5,2018
658,Wahkiakum,1,5,2018
659,Walla Walla,34,5,2018
660,Whatcom,614,5,2018
661,Whitman,19,5,2018
662,Yakima,62,5,2018
663,Adams,5,6,2018
664,Asotin,9,6,2018
665,Benton,192,6,2018
666,Chelan,110,6,2018
667,Clallam,124,6,2018
668,Clark,1009,6,2018
669,Columbia,2,6,2018
670,Cowlitz,55,6,2018
671,Douglas,43,6,2018
672,Ferry,3,6,2018
673,Franklin,39,6,2018
674,Garfield,1,6,2018
675,Grant,31,6,2018
676,Grays Harbor,52,6,2018
677,Island,197,6,2018
678,Jefferson,144,6,2018
679,King,13173,6,2018
680,Kitsap,797,6,2018
681,Kittitas,47,6,2018
682,Klickitat,25,6,2018
683,Lewis,80,6,2018
684,Lincoln,2,6,2018
685,Mason,82,6,2018
686,Okanogan,9,6,2018
687,Pacific,17,6,2018
688,Pend Oreille,5,6,2018
689,Pierce,1228,6,2018
690,San Juan,145,6,2018
691,Skagit,207,6,2018
692,Skamania,11,6,2018
693,Snohomish,2350,6,2018
694,Spokane,341,6,2018
695,Stevens,11,6,2018
696,Thurston,572,6,2018
697,Wahkiakum,1,6,2018
698,Walla Walla,34,6,2018
699,Whatcom,633,6,2018
700,Whitman,19,6,2018
701,Yakima,60,6,2018
702,Adams,5,7,2018
703,Asotin,11,7,2018
704,Benton,193,7,2018
705,Chelan,112,7,2018
706,Clallam,127,7,2018
707,Clark,1042,7,2018
708,Columbia,2,7,2018
709,Cowlitz,57,7,2018
710,Douglas,43,7,2018
711,Ferry,3,7,2018
712,Franklin,38,7,2018
713,Garfield,1,7,2018
714,Grant,33,7,2018
715,Grays Harbor,54,7,2018
716,Island,206,7,2018
717,Jefferson,147,7,2018
718,King,13485,7,2018
719,Kitsap,810,7,2018
720,Kittitas,48,7,2018
721,Klickitat,24,7,2018
722,Lewis,83,7,2018
723,Lincoln,3,7,2018
724,Mason,87,7,2018
725,Okanogan,9,7,2018
726,Pacific,19,7,2018
727,Pend Oreille,5,7,2018
728,Pierce,1262,7,2018
729,San Juan,149,7,2018
730,Skagit,216,7,2018
731,Skamania,13,7,2018
732,Snohomish,2405,7,2018
733,Spokane,348,7,2018
734,Stevens,11,7,2018
735,Thurston,577,7,2018
736,Wahkiakum,1,7,2018
737,Walla Walla,34,7,2018
738,Whatcom,639,7,2018
739,Whitman,19,7,2018
740,Yakima,65,7,2018
741,Adams,5,8,2018
742,Asotin,11,8,2018
743,Benton,189,8,2018
744,Chelan,114,8,2018
745,Clallam,128,8,2018
746,Clark,1069,8,2018
747,Columbia,2,8,2018
748,Cowlitz,62,8,2018
749,Douglas,45,8,2018
750,Ferry,2,8,2018
751,Franklin,36,8,2018
752,Garfield,1,8,2018
753,Grant,34,8,2018
754,Grays Harbor,54,8,2018
755,Island,216,8,2018
756,Jefferson,152,8,2018
757,King,13807,8,2018
758,Kitsap,829,8,2018
759,Kittitas,51,8,2018
760,Klickitat,24,8,2018
761,Lewis,83,8,2018
762,Lincoln,3,8,2018
763,Mason,92,8,2018
764,Okanogan,10,8,2018
765,Pacific,19,8,2018
766,Pend Oreille,5,8,2018
767,Pierce,1303,8,2018
768,San Juan,152,8,2018
769,Skagit,221,8,2018
770,Skamania,14,8,2018
771,Snohomish,2472,8,2018
772,Spokane,361,8,2018
773,Stevens,12,8,2018
774,Thurston,603,8,2018
775,Wahkiakum,1,8,2018
776,Walla Walla,34,8,2018
777,Whatcom,655,8,2018
778,Whitman,20,8,2018
779,Yakima,67,8,2018
780,Adams,5,9,2018
781,Asotin,11,9,2018
782,Benton,188,9,2018
783,Chelan,117,9,2018
784,Clallam,129,9,2018
785,Clark,1089,9,2018
786,Columbia,2,9,2018
787,Cowlitz,63,9,2018
788,Douglas,48,9,2018
789,Ferry,2,9,2018
790,Franklin,37,9,2018
791,Garfield,1,9,2018
792,Grant,33,9,2018
793,Grays Harbor,55,9,2018
794,Island,227,9,2018
795,Jefferson,153,9,2018
796,King,14209,9,2018
797,Kitsap,842,9,2018
798,Kittitas,55,9,2018
799,Klickitat,24,9,2018
800,Lewis,84,9,2018
801,Lincoln,2,9,2018
802,Mason,94,9,2018
803,Okanogan,10,9,2018
804,Pacific,18,9,2018
805,Pend Oreille,5,9,2018
806,Pierce,1325,9,2018
807,San Juan,161,9,2018
808,Skagit,223,9,2018
809,Skamania,15,9,2018
810,Snohomish,2517,9,2018
811,Spokane,360,9,2018
812,Stevens,13,9,2018
813,Thurston,621,9,2018
814,Wahkiakum,1,9,2018
815,Walla Walla,36,9,2018
816,Whatcom,668,9,2018
817,Whitman,20,9,2018
818,Yakima,67,9,2018
819,Adams,5,10,2018
820,Asotin,12,10,2018
821,Benton,192,10,2018
822,Chelan,126,10,2018
823,Clallam,136,10,2018
824,Clark,1149,10,2018
825,Columbia,2,10,2018
826,Cowlitz,69,10,2018
827,Douglas,47,10,2018
828,Ferry,3,10,2018
829,Franklin,35,10,2018
830,Garfield,1,10,2018
831,Grant,32,10,2018
832,Grays Harbor,60,10,2018
833,Island,244,10,2018
834,Jefferson,163,10,2018
835,King,15038,10,2018
836,Kitsap,880,10,2018
837,Kittitas,57,10,2018
838,Klickitat,24,10,2018
839,Lewis,88,10,2018
840,Lincoln,2,10,2018
841,Mason,101,10,2018
842,Okanogan,15,10,2018
843,Pacific,19,10,2018
844,Pend Oreille,6,10,2018
845,Pierce,1405,10,2018
846,San Juan,169,10,2018
847,Skagit,241,10,2018
848,Skamania,18,10,2018
849,Snohomish,2638,10,2018
850,Spokane,383,10,2018
851,Stevens,14,10,2018
852,Thurston,663,10,2018
853,Wahkiakum,1,10,2018
854,Walla Walla,36,10,2018
855,Whatcom,702,10,2018
856,Whitman,19,10,2018
857,Yakima,71,10,2018
858,Adams,5,11,2018
859,Asotin,12,11,2018
860,Benton,210,11,2018
861,Chelan,135,11,2018
862,Clallam,147,11,2018
863,Clark,1188,11,2018
864,Columbia,2,11,2018
865,Cowlitz,69,11,2018
866,Douglas,49,11,2018
867,Ferry,3,11,2018
868,Franklin,38,11,2018
869,Garfield,1,11,2018
870,Grant,32,11,2018
871,Grays Harbor,61,11,2018
872,Island,266,11,2018
873,Jefferson,169,11,2018
874,King,15787,11,2018
875,Kitsap,916,11,2018
876,Kittitas,61,11,2018
877,Klickitat,23,11,2018
878,Lewis,89,11,2018
879,Lincoln,2,11,2018
880,Mason,103,11,2018
881,Okanogan,15,11,2018
882,Pacific,20,11,2018
883,Pend Oreille,5,11,2018
884,Pierce,1470,11,2018
885,San Juan,176,11,2018
886,Skagit,250,11,2018
887,Skamania,18,11,2018
888,Snohomish,2790,11,2018
889,Spokane,408,11,2018
890,Stevens,16,11,2018
891,Thurston,707,11,2018
892,Wahkiakum,1,11,2018
893,Walla Walla,38,11,2018
894,Whatcom,732,11,2018
895,Whitman,20,11,2018
896,Yakima,78,11,2018
897,Adams,5,12,2018
898,Asotin,12,12,2018
899,Benton,227,12,2018
900,Chelan,140,12,2018
901,Clallam,150,12,2018
902,Clark,1246,12,2018
903,Columbia,2,12,2018
904,Cowlitz,72,12,2018
905,Douglas,50,12,2018
906,Ferry,3,12,2018
907,Franklin,45,12,2018
908,Garfield,1,12,2018
909,Grant,32,12,2018
910,Grays Harbor,62,12,2018
911,Island,276,12,2018
912,Jefferson,168,12,2018
913,King,16283,12,2018
914,Kitsap,946,12,2018
915,Kittitas,66,12,2018
916,Klickitat,28,12,2018
917,Lewis,93,12,2018
918,Lincoln,2,12,2018
919,Mason,107,12,2018
920,Okanogan,16,12,2018
921,Pacific,21,12,2018
922,Pend Oreille,5,12,2018
923,Pierce,1509,12,2018
924,San Juan,183,12,2018
925,Skagit,260,12,2018
926,Skamania,16,12,2018
927,Snohomish,2915,12,2018
928,Spokane,439,12,2018
929,Stevens,16,12,2018
930,Thurston,739,12,2018
931,Wahkiakum,1,12,2018
932,Walla Walla,41,12,2018
933,Whatcom,759,12,2018
934,Whitman,24,12,2018
935,Yakima,82,12,2018
936,Adams,5,1,2019
937,Asotin,12,1,2019
938,Benton,232,1,2019
939,Chelan,140,1,2019
940,Clallam,152,1,2019
941,Clark,1313,1,2019
942,Columbia,2,1,2019
943,Cowlitz,79,1,2019
944,Douglas,51,1,2019
945,Ferry,3,1,2019
946,Franklin,49,1,2019
947,Garfield,1,1,2019
948,Grant,33,1,2019
949,Grays Harbor,67,1,2019
950,Island,288,1,2019
951,Jefferson,175,1,2019
952,King,17170,1,2019
953,Kitsap,981,1,2019
954,Kittitas,69,1,2019
955,Klickitat,29,1,2019
956,Lewis,95,1,2019
957,Lincoln,2,1,2019
958,Mason,108,1,2019
959,Okanogan,18,1,2019
960,Pacific,22,1,2019
961,Pend Oreille,5,1,2019
962,Pierce,1581,1,2019
963,San Juan,190,1,2019
964,Skagit,271,1,2019
965,Skamania,18,1,2019
966,Snohomish,3075,1,2019
967,Spokane,471,1,2019
968,Stevens,18,1,2019
969,Thurston,771,1,2019
970,Wahkiakum,1,1,2019
971,Walla Walla,42,1,2019
972,Whatcom,780,1,2019
973,Whitman,24,1,2019
974,Yakima,84,1,2019
975,Adams,4,2,2019
976,Asotin,12,2,2019
977,Benton,233,2,2019
978,Chelan,145,2,2019
979,Clallam,153,2,2019
980,Clark,1337,2,2019
981,Columbia,2,2,2019
982,Cowlitz,82,2,2019
983,Douglas,52,2,2019
984,Ferry,3,2,2019
985,Franklin,50,2,2019
986,Garfield,1,2,2019
987,Grant,33,2,2019
988,Grays Harbor,66,2,2019
989,Island,294,2,2019
990,Jefferson,179,2,2019
991,King,17531,2,2019
992,Kitsap,988,2,2019
993,Kittitas,73,2,2019
994,Klickitat,30,2,2019
995,Lewis,96,2,2019
996,Lincoln,3,2,2019
997,Mason,109,2,2019
998,Okanogan,19,2,2019
999,Pacific,22,2,2019
1000,Pend Oreille,5,2,2019
1001,Pierce,1611,2,2019
1002,San Juan,193,2,2019
1003,Skagit,279,2,2019
1004,Skamania,20,2,2019
1005,Snohomish,3146,2,2019
1006,Spokane,481,2,2019
1007,Stevens,18,2,2019
1008,Thurston,782,2,2019
1009,Wahkiakum,1,2,2019
1010,Walla Walla,43,2,2019
1011,Whatcom,787,2,2019
1012,Whitman,25,2,2019
1013,Yakima,86,2,2019
1014,Adams,4,3,2019
1015,Asotin,12,3,2019
1016,Benton,236,3,2019
1017,Chelan,144,3,2019
1018,Clallam,154,3,2019
1019,Clark,1358,3,2019
1020,Columbia,2,3,2019
1021,Cowlitz,84,3,2019
1022,Douglas,53,3,2019
1023,Ferry,3,3,2019
1024,Franklin,52,3,2019
1025,Garfield,1,3,2019
1026,Grant,34,3,2019
1027,Grays Harbor,69,3,2019
1028,Island,300,3,2019
1029,Jefferson,179,3,2019
1030,King,17681,3,2019
1031,Kitsap,997,3,2019
1032,Kittitas,71,3,2019
1033,Klickitat,32,3,2019
1034,Lewis,95,3,2019
1035,Lincoln,3,3,2019
1036,Mason,114,3,2019
1037,Okanogan,20,3,2019
1038,Pacific,23,3,2019
1039,Pend Oreille,5,3,2019
1040,Pierce,1635,3,2019
1041,San Juan,197,3,2019
1042,Skagit,282,3,2019
1043,Skamania,21,3,2019
1044,Snohomish,3195,3,2019
1045,Spokane,491,3,2019
1046,Stevens,18,3,2019
1047,Thurston,802,3,2019
1048,Wahkiakum,1,3,2019
1049,Walla Walla,44,3,2019
1050,Whatcom,794,3,2019
1051,Whitman,27,3,2019
1052,Yakima,89,3,2019
1053,Adams,5,4,2019
1054,Asotin,12,4,2019
1055,Benton,248,4,2019
1056,Chelan,147,4,2019
1057,Clallam,160,4,2019
1058,Clark,1414,4,2019
1059,Columbia,2,4,2019
1060,Cowlitz,89,4,2019
1061,Douglas,55,4,2019
1062,Ferry,4,4,2019
1063,Franklin,53,4,2019
1064,Garfield,1,4,2019
1065,Grant,35,4,2019
1066,Grays Harbor,70,4,2019
1067,Island,310,4,2019
1068,Jefferson,187,4,2019
1069,King,18279,4,2019
1070,Kitsap,1008,4,2019
1071,Kittitas,71,4,2019
1072,Klickitat,33,4,2019
1073,Lewis,95,4,2019
1074,Lincoln,3,4,2019
1075,Mason,117,4,2019
1076,Okanogan,20,4,2019
1077,Pacific,23,4,2019
1078,Pend Oreille,4,4,2019
1079,Pierce,1692,4,2019
1080,San Juan,204,4,2019
1081,Skagit,293,4,2019
1082,Skamania,21,4,2019
1083,Snohomish,3292,4,2019
1084,Spokane,512,4,2019
1085,Stevens,19,4,2019
1086,Thurston,821,4,2019
1087,Wahkiakum,1,4,2019
1088,Walla Walla,46,4,2019
1089,Whatcom,825,4,2019
1090,Whitman,29,4,2019
1091,Yakima,93,4,2019
1092,Adams,5,5,2019
1093,Asotin,12,5,2019
1094,Benton,253,5,2019
1095,Chelan,153,5,2019
1096,Clallam,167,5,2019
1097,Clark,1475,5,2019
1098,Columbia,2,5,2019
1099,Cowlitz,95,5,2019
1100,Douglas,56,5,2019
1101,Ferry,5,5,2019
1102,Franklin,52,5,2019
1103,Garfield,1,5,2019
1104,Grant,39,5,2019
1105,Grays Harbor,73,5,2019
1106,Island,315,5,2019
1107,Jefferson,191,5,2019
1108,King,18618,5,2019
1109,Kitsap,1035,5,2019
1110,Kittitas,72,5,2019
1111,Klickitat,35,5,2019
1112,Lewis,97,5,2019
1113,Lincoln,3,5,2019
1114,Mason,121,5,2019
1115,Okanogan,21,5,2019
1116,Pacific,24,5,2019
1117,Pend Oreille,4,5,2019
1118,Pierce,1751,5,2019
1119,San Juan,207,5,2019
1120,Skagit,293,5,2019
1121,Skamania,23,5,2019
1122,Snohomish,3372,5,2019
1123,Spokane,529,5,2019
1124,Stevens,20,5,2019
1125,Thurston,844,5,2019
1126,Wahkiakum,2,5,2019
1127,Walla Walla,46,5,2019
1128,Whatcom,839,5,2019
1129,Whitman,31,5,2019
1130,Yakima,94,5,2019
1131,Adams,5,6,2019
1132,Asotin,12,6,2019
1133,Benton,259,6,2019
1134,Chelan,157,6,2019
1135,Clallam,174,6,2019
1136,Clark,1538,6,2019
1137,Columbia,2,6,2019
1138,Cowlitz,98,6,2019
1139,Douglas,57,6,2019
1140,Ferry,5,6,2019
1141,Franklin,52,6,2019
1142,Garfield,1,6,2019
1143,Grant,41,6,2019
1144,Grays Harbor,73,6,2019
1145,Island,317,6,2019
1146,Jefferson,197,6,2019
1147,King,19082,6,2019
1148,Kitsap,1049,6,2019
1149,Kittitas,81,6,2019
1150,Klickitat,35,6,2019
1151,Lewis,99,6,2019
1152,Lincoln,2,6,2019
1153,Mason,124,6,2019
1154,Okanogan,22,6,2019
1155,Pacific,25,6,2019
1156,Pend Oreille,4,6,2019
1157,Pierce,1808,6,2019
1158,San Juan,212,6,2019
1159,Skagit,299,6,2019
1160,Skamania,23,6,2019
1161,Snohomish,3472,6,2019
1162,Spokane,539,6,2019
1163,Stevens,19,6,2019
1164,Thurston,875,6,2019
1165,Wahkiakum,2,6,2019
1166,Walla Walla,49,6,2019
1167,Whatcom,855,6,2019
1168,Whitman,31,6,2019
1169,Yakima,105,6,2019
1170,Adams,5,7,2019
1171,Asotin,12,7,2019
1172,Benton,270,7,2019
1173,Chelan,161,7,2019
1174,Clallam,178,7,2019
1175,Clark,1588,7,2019
1176,Columbia,2,7,2019
1177,Cowlitz,106,7,2019
1178,Douglas,60,7,2019
1179,Ferry,5,7,2019
1180,Franklin,53,7,2019
1181,Garfield,1,7,2019
1182,Grant,43,7,2019
1183,Grays Harbor,82,7,2019
1184,Island,328,7,2019
1185,Jefferson,202,7,2019
1186,King,19629,7,2019
1187,Kitsap,1092,7,2019
1188,Kittitas,79,7,2019
1189,Klickitat,35,7,2019
1190,Lewis,100,7,2019
1191,Lincoln,2,7,2019
1192,Mason,127,7,2019
1193,Okanogan,23,7,2019
1194,Pacific,24,7,2019
1195,Pend Oreille,4,7,2019
1196,Pierce,1877,7,2019
1197,San Juan,220,7,2019
1198,Skagit,308,7,2019
1199,Skamania,25,7,2019
1200,Snohomish,3555,7,2019
1201,Spokane,557,7,2019
1202,Stevens,19,7,2019
1203,Thurston,905,7,2019
1204,Wahkiakum,2,7,2019
1205,Walla Walla,52,7,2019
1206,Whatcom,885,7,2019
1207,Whitman,33,7,2019
1208,Yakima,109,7,2019
1209,Adams,5,8,2019
1210,Asotin,12,8,2019
1211,Benton,280,8,2019
1212,Chelan,165,8,2019
1213,Clallam,185,8,2019
1214,Clark,1647,8,2019
1215,Columbia,2,8,2019
1216,Cowlitz,107,8,2019
1217,Douglas,61,8,2019
1218,Ferry,5,8,2019
1219,Franklin,51,8,2019
1220,Garfield,0,8,2019
1221,Grant,45,8,2019
1222,Grays Harbor,88,8,2019
1223,Island,335,8,2019
1224,Jefferson,205,8,2019
1225,King,20008,8,2019
1226,Kitsap,1113,8,2019
1227,Kittitas,79,8,2019
1228,Klickitat,37,8,2019
1229,Lewis,105,8,2019
1230,Lincoln,2,8,2019
1231,Mason,130,8,2019
1232,Okanogan,25,8,2019
1233,Pacific,23,8,2019
1234,Pend Oreille,5,8,2019
1235,Pierce,1930,8,2019
1236,San Juan,225,8,2019
1237,Skagit,311,8,2019
1238,Skamania,25,8,2019
1239,Snohomish,3640,8,2019
1240,Spokane,575,8,2019
1241,Stevens,22,8,2019
1242,Thurston,927,8,2019
1243,Wahkiakum,2,8,2019
1244,Walla Walla,56,8,2019
1245,Whatcom,904,8,2019
1246,Whitman,34,8,2019
1247,Yakima,112,8,2019
1248,Adams,5,9,2019
1249,Asotin,12,9,2019
1250,Benton,291,9,2019
1251,Chelan,174,9,2019
1252,Clallam,186,9,2019
1253,Clark,1700,9,2019
1254,Columbia,3,9,2019
1255,Cowlitz,106,9,2019
1256,Douglas,62,9,2019
1257,Ferry,5,9,2019
1258,Franklin,51,9,2019
1259,Garfield,0,9,2019
1260,Grant,48,9,2019
1261,Grays Harbor,89,9,2019
1262,Island,346,9,2019
1263,Jefferson,207,9,2019
1264,King,20425,9,2019
1265,Kitsap,1135,9,2019
1266,Kittitas,81,9,2019
1267,Klickitat,38,9,2019
1268,Lewis,107,9,2019
1269,Lincoln,2,9,2019
1270,Mason,133,9,2019
1271,Okanogan,24,9,2019
1272,Pacific,25,9,2019
1273,Pend Oreille,6,9,2019
1274,Pierce,1966,9,2019
1275,San Juan,229,9,2019
1276,Skagit,316,9,2019
1277,Skamania,26,9,2019
1278,Snohomish,3739,9,2019
1279,Spokane,596,9,2019
1280,Stevens,27,9,2019
1281,Thurston,953,9,2019
1282,Wahkiakum,2,9,2019
1283,Walla Walla,59,9,2019
1284,Whatcom,924,9,2019
1285,Whitman,36,9,2019
1286,Yakima,112,9,2019
1287,Adams,6,10,2019
1288,Asotin,12,10,2019
1289,Benton,307,10,2019
1290,Chelan,191,10,2019
1291,Clallam,195,10,2019
1292,Clark,1782,10,2019
1293,Columbia,3,10,2019
1294,Cowlitz,112,10,2019
1295,Douglas,63,10,2019
1296,Ferry,5,10,2019
1297,Franklin,53,10,2019
1298,Garfield,0,10,2019
1299,Grant,55,10,2019
1300,Grays Harbor,95,10,2019
1301,Island,362,10,2019
1302,Jefferson,210,10,2019
1303,King,21371,10,2019
1304,Kitsap,1178,10,2019
1305,Kittitas,87,10,2019
1306,Klickitat,43,10,2019
1307,Lewis,108,10,2019
1308,Lincoln,2,10,2019
1309,Mason,140,10,2019
1310,Okanogan,24,10,2019
1311,Pacific,30,10,2019
1312,Pend Oreille,7,10,2019
1313,Pierce,2058,10,2019
1314,San Juan,236,10,2019
1315,Skagit,337,10,2019
1316,Skamania,25,10,2019
1317,Snohomish,3896,10,2019
1318,Spokane,616,10,2019
1319,Stevens,29,10,2019
1320,Thurston,1005,10,2019
1321,Wahkiakum,4,10,2019
1322,Walla Walla,62,10,2019
1323,Whatcom,951,10,2019
1324,Whitman,38,10,2019
1325,Yakima,116,10,2019
1326,Adams,6,11,2019
1327,Asotin,13,11,2019
1328,Benton,310,11,2019
1329,Chelan,196,11,2019
1330,Clallam,196,11,2019
1331,Clark,1806,11,2019
1332,Columbia,3,11,2019
1333,Cowlitz,114,11,2019
1334,Douglas,65,11,2019
1335,Ferry,5,11,2019
1336,Franklin,53,11,2019
1337,Garfield,0,11,2019
1338,Grant,53,11,2019
1339,Grays Harbor,99,11,2019
1340,Island,364,11,2019
1341,Jefferson,212,11,2019
1342,King,21602,11,2019
1343,Kitsap,1191,11,2019
1344,Kittitas,89,11,2019
1345,Klickitat,45,11,2019
1346,Lewis,109,11,2019
1347,Lincoln,1,11,2019
1348,Mason,140,11,2019
1349,Okanogan,27,11,2019
1350,Pacific,29,11,2019
1351,Pend Oreille,7,11,2019
1352,Pierce,2083,11,2019
1353,San Juan,243,11,2019
1354,Skagit,348,11,2019
1355,Skamania,26,11,2019
1356,Snohomish,3942,11,2019
1357,Spokane,631,11,2019
1358,Stevens,31,11,2019
1359,Thurston,1035,11,2019
1360,Wahkiakum,4,11,2019
1361,Walla Walla,64,11,2019
1362,Whatcom,966,11,2019
1363,Whitman,41,11,2019
1364,Yakima,118,11,2019
1365,Adams,6,12,2019
1366,Asotin,14,12,2019
1367,Benton,315,12,2019
1368,Chelan,201,12,2019
1369,Clallam,197,12,2019
1370,Clark,1843,12,2019
1371,Columbia,3,12,2019
1372,Cowlitz,118,12,2019
1373,Douglas,67,12,2019
1374,Ferry,5,12,2019
1375,Franklin,54,12,2019
1376,Garfield,0,12,2019
1377,Grant,55,12,2019
1378,Grays Harbor,105,12,2019
1379,Island,376,12,2019
1380,Jefferson,217,12,2019
1381,King,21955,12,2019
1382,Kitsap,1200,12,2019
1383,Kittitas,90,12,2019
1384,Klickitat,46,12,2019
1385,Lewis,106,12,2019
1386,Lincoln,1,12,2019
1387,Mason,142,12,2019
1388,Okanogan,30,12,2019
1389,Pacific,30,12,2019
1390,Pend Oreille,7,12,2019
1391,Pierce,2127,12,2019
1392,San Juan,253,12,2019
1393,Skagit,364,12,2019
1394,Skamania,26,12,2019
1395,Snohomish,4020,12,2019
1396,Spokane,643,12,2019
1397,Stevens,31,12,2019
1398,Thurston,1052,12,2019
1399,Wahkiakum,4,12,2019
1400,Walla Walla,63,12,2019
1401,Whatcom,989,12,2019
1402,Whitman,42,12,2019
1403,Yakima,117,12,2019
1404,Adams,7,1,2020
1405,Asotin,17,1,2020
1406,Benton,337,1,2020
1407,Chelan,213,1,2020
1408,Clallam,204,1,2020
1409,Clark,1940,1,2020
1410,Columbia,3,1,2020
1411,Cowlitz,127,1,2020
1412,Douglas,69,1,2020
1413,Ferry,5,1,2020
1414,Franklin,57,1,2020
1415,Garfield,0,1,2020
1416,Grant,58,1,2020
1417,Grays Harbor,105,1,2020
1418,Island,393,1,2020
1419,Jefferson,224,1,2020
1420,King,23200,1,2020
1421,Kitsap,1259,1,2020
1422,Kittitas,93,1,2020
1423,Klickitat,48,1,2020
1424,Lewis,109,1,2020
1425,Lincoln,1,1,2020
1426,Mason,150,1,2020
1427,Okanogan,32,1,2020
1428,Pacific,30,1,2020
1429,Pend Oreille,8,1,2020
1430,Pierce,2229,1,2020
1431,San Juan,265,1,2020
1432,Skagit,379,1,2020
1433,Skamania,29,1,2020
1434,Snohomish,4243,1,2020
1435,Spokane,684,1,2020
1436,Stevens,33,1,2020
1437,Thurston,1093,1,2020
1438,Wahkiakum,4,1,2020
1439,Walla Walla,65,1,2020
1440,Whatcom,1035,1,2020
1441,Whitman,42,1,2020
1442,Yakima,121,1,2020
1443,Adams,7,2,2020
1444,Asotin,16,2,2020
1445,Benton,338,2,2020
1446,Chelan,216,2,2020
1447,Clallam,207,2,2020
1448,Clark,1970,2,2020
1449,Columbia,3,2,2020
1450,Cowlitz,128,2,2020
1451,Douglas,69,2,2020
1452,Ferry,5,2,2020
1453,Franklin,58,2,2020
1454,Garfield,0,2,2020
1455,Grant,58,2,2020
1456,Grays Harbor,109,2,2020
1457,Island,402,2,2020
1458,Jefferson,230,2,2020
1459,King,23450,2,2020
1460,Kitsap,1274,2,2020
1461,Kittitas,94,2,2020
1462,Klickitat,49,2,2020
1463,Lewis,108,2,2020
1464,Lincoln,1,2,2020
1465,Mason,150,2,2020
1466,Okanogan,34,2,2020
1467,Pacific,30,2,2020
1468,Pend Oreille,8,2,2020
1469,Pierce,2253,2,2020
1470,San Juan,279,2,2020
1471,Skagit,380,2,2020
1472,Skamania,28,2,2020
1473,Snohomish,4301,2,2020
1474,Spokane,696,2,2020
1475,Stevens,33,2,2020
1476,Thurston,1109,2,2020
1477,Wahkiakum,5,2,2020
1478,Walla Walla,68,2,2020
1479,Whatcom,1045,2,2020
1480,Whitman,42,2,2020
1481,Yakima,123,2,2020
1482,Adams,7,3,2020
1483,Asotin,16,3,2020
1484,Benton,344,3,2020
1485,Chelan,220,3,2020
1486,Clallam,215,3,2020
1487,Clark,1983,3,2020
1488,Columbia,3,3,2020
1489,Cowlitz,134,3,2020
1490,Douglas,71,3,2020
1491,Ferry,5,3,2020
1492,Franklin,58,3,2020
1493,Garfield,0,3,2020
1494,Grant,58,3,2020
1495,Grays Harbor,107,3,2020
1496,Island,407,3,2020
1497,Jefferson,234,3,2020
1498,King,23887,3,2020
1499,Kitsap,1298,3,2020
1500,Kittitas,98,3,2020
1501,Klickitat,51,3,2020
1502,Lewis,105,3,2020
1503,Lincoln,2,3,2020
1504,Mason,153,3,2020
1505,Okanogan,34,3,2020
1506,Pacific,29,3,2020
1507,Pend Oreille,8,3,2020
1508,Pierce,2310,3,2020
1509,San Juan,291,3,2020
1510,Skagit,392,3,2020
1511,Skamania,29,3,2020
1512,Snohomish,4369,3,2020
1513,Spokane,704,3,2020
1514,Stevens,33,3,2020
1515,Thurston,1131,3,2020
1516,Wahkiakum,6,3,2020
1517,Walla Walla,68,3,2020
1518,Whatcom,1060,3,2020
1519,Whitman,42,3,2020
1520,Yakima,125,3,2020
1521,Adams,7,4,2020
1522,Asotin,16,4,2020
1523,Benton,348,4,2020
1524,Chelan,224,4,2020
1525,Clallam,220,4,2020
1526,Clark,1992,4,2020
1527,Columbia,3,4,2020
1528,Cowlitz,136,4,2020
1529,Douglas,69,4,2020
1530,Ferry,5,4,2020
1531,Franklin,58,4,2020
1532,Garfield,0,4,2020
1533,Grant,59,4,2020
1534,Grays Harbor,106,4,2020
1535,Island,406,4,2020
1536,Jefferson,234,4,2020
1537,King,24088,4,2020
1538,Kitsap,1313,4,2020
1539,Kittitas,101,4,2020
1540,Klickitat,53,4,2020
1541,Lewis,99,4,2020
1542,Lincoln,4,4,2020
1543,Mason,155,4,2020
1544,Okanogan,34,4,2020
1545,Pacific,30,4,2020
1546,Pend Oreille,8,4,2020
1547,Pierce,2347,4,2020
1548,San Juan,295,4,2020
1549,Skagit,398,4,2020
1550,Skamania,29,4,2020
1551,Snohomish,4399,4,2020
1552,Spokane,711,4,2020
1553,Stevens,33,4,2020
1554,Thurston,1141,4,2020
1555,Wahkiakum,6,4,2020
1556,Walla Walla,69,4,2020
1557,Whatcom,1061,4,2020
1558,Whitman,44,4,2020
1559,Yakima,130,4,2020
1560,Adams,8,5,2020
1561,Asotin,16,5,2020
1562,Benton,354,5,2020
1563,Chelan,228,5,2020
1564,Clallam,223,5,2020
1565,Clark,2003,5,2020
1566,Columbia,4,5,2020
1567,Cowlitz,136,5,2020
1568,Douglas,69,5,2020
1569,Ferry,5,5,2020
1570,Franklin,58,5,2020
1571,Garfield,0,5,2020
1572,Grant,59,5,2020
1573,Grays Harbor,106,5,2020
1574,Island,410,5,2020
1575,Jefferson,233,5,2020
1576,King,24020,5,2020
1577,Kitsap,1312,5,2020
1578,Kittitas,102,5,2020
1579,Klickitat,53,5,2020
1580,Lewis,99,5,2020
1581,Lincoln,4,5,2020
1582,Mason,157,5,2020
1583,Okanogan,34,5,2020
1584,Pacific,31,5,2020
1585,Pend Oreille,7,5,2020
1586,Pierce,2351,5,2020
1587,San Juan,298,5,2020
1588,Skagit,401,5,2020
1589,Skamania,30,5,2020
1590,Snohomish,4401,5,2020
1591,Spokane,721,5,2020
1592,Stevens,34,5,2020
1593,Thurston,1136,5,2020
1594,Wahkiakum,6,5,2020
1595,Walla Walla,70,5,2020
1596,Whatcom,1063,5,2020
1597,Whitman,45,5,2020
1598,Yakima,132,5,2020
1599,Adams,9,6,2020
1600,Asotin,16,6,2020
1601,Benton,359,6,2020
1602,Chelan,231,6,2020
1603,Clallam,229,6,2020
1604,Clark,2014,6,2020
1605,Columbia,4,6,2020
1606,Cowlitz,138,6,2020
1607,Douglas,71,6,2020
1608,Ferry,5,6,2020
1609,Franklin,60,6,2020
1610,Garfield,0,6,2020
1611,Grant,59,6,2020
1612,Grays Harbor,106,6,2020
1613,Island,421,6,2020
1614,Jefferson,236,6,2020
1615,King,24112,6,2020
1616,Kitsap,1330,6,2020
1617,Kittitas,99,6,2020
1618,Klickitat,53,6,2020
1619,Lewis,102,6,2020
1620,Lincoln,5,6,2020
1621,Mason,159,6,2020
1622,Okanogan,36,6,2020
1623,Pacific,33,6,2020
1624,Pend Oreille,7,6,2020
1625,Pierce,2380,6,2020
1626,San Juan,302,6,2020
1627,Skagit,408,6,2020
1628,Skamania,31,6,2020
1629,Snohomish,4433,6,2020
1630,Spokane,730,6,2020
1631,Stevens,36,6,2020
1632,Thurston,1143,6,2020
1633,Wahkiakum,6,6,2020
1634,Walla Walla,73,6,2020
1635,Whatcom,1067,6,2020
1636,Whitman,44,6,2020
1637,Yakima,133,6,2020
1638,Adams,9,7,2020
1639,Asotin,16,7,2020
1640,Benton,373,7,2020
1641,Chelan,240,7,2020
1642,Clallam,238,7,2020
1643,Clark,2097,7,2020
1644,Columbia,4,7,2020
1645,Cowlitz,146,7,2020
1646,Douglas,75,7,2020
1647,Ferry,7,7,2020
1648,Franklin,65,7,2020
1649,Garfield,0,7,2020
1650,Grant,61,7,2020
1651,Grays Harbor,109,7,2020
1652,Island,431,7,2020
1653,Jefferson,249,7,2020
1654,King,24909,7,2020
1655,Kitsap,1377,7,2020
1656,Kittitas,104,7,2020
1657,Klickitat,56,7,2020
1658,Lewis,107,7,2020
1659,Lincoln,5,7,2020
1660,Mason,160,7,2020
1661,Okanogan,37,7,2020
1662,Pacific,33,7,2020
1663,Pend Oreille,7,7,2020
1664,Pierce,2467,7,2020
1665,San Juan,311,7,2020
1666,Skagit,424,7,2020
1667,Skamania,31,7,2020
1668,Snohomish,4581,7,2020
1669,Spokane,753,7,2020
1670,Stevens,37,7,2020
1671,Thurston,1175,7,2020
1672,Wahkiakum,6,7,2020
1673,Walla Walla,77,7,2020
1674,Whatcom,1094,7,2020
1675,Whitman,45,7,2020
1676,Yakima,140,7,2020
1677,Adams,9,8,2020
1678,Asotin,17,8,2020
1679,Benton,380,8,2020
1680,Chelan,248,8,2020
1681,Clallam,240,8,2020
1682,Clark,2135,8,2020
1683,Columbia,3,8,2020
1684,Cowlitz,152,8,2020
1685,Douglas,77,8,2020
1686,Ferry,7,8,2020
1687,Franklin,66,8,2020
1688,Garfield,0,8,2020
1689,Grant,66,8,2020
1690,Grays Harbor,111,8,2020
1691,Island,435,8,2020
1692,Jefferson,249,8,2020
1693,King,25175,8,2020
1694,Kitsap,1400,8,2020
1695,Kittitas,110,8,2020
1696,Klickitat,57,8,2020
1697,Lewis,112,8,2020
1698,Lincoln,5,8,2020
1699,Mason,162,8,2020
1700,Okanogan,40,8,2020
1701,Pacific,32,8,2020
1702,Pend Oreille,8,8,2020
1703,Pierce,2519,8,2020
1704,San Juan,320,8,2020
1705,Skagit,433,8,2020
1706,Skamania,31,8,2020
1707,Snohomish,4644,8,2020
1708,Spokane,781,8,2020
1709,Stevens,35,8,2020
1710,Thurston,1194,8,2020
1711,Wahkiakum,6,8,2020
1712,Walla Walla,81,8,2020
1713,Whatcom,1114,8,2020
1714,Whitman,46,8,2020
1715,Yakima,147,8,2020
1716,Adams,8,9,2020
1717,Asotin,17,9,2020
1718,Benton,394,9,2020
1719,Chelan,260,9,2020
1720,Clallam,246,9,2020
1721,Clark,2174,9,2020
1722,Columbia,4,9,2020
1723,Cowlitz,157,9,2020
1724,Douglas,79,9,2020
1725,Ferry,8,9,2020
1726,Franklin,68,9,2020
1727,Garfield,0,9,2020
1728,Grant,67,9,2020
1729,Grays Harbor,115,9,2020
1730,Island,445,9,2020
1731,Jefferson,257,9,2020
1732,King,25391,9,2020
1733,Kitsap,1426,9,2020
1734,Kittitas,113,9,2020
1735,Klickitat,58,9,2020
1736,Lewis,111,9,2020
1737,Lincoln,5,9,2020
1738,Mason,162,9,2020
1739,Okanogan,45,9,2020
1740,Pacific,32,9,2020
1741,Pend Oreille,8,9,2020
1742,Pierce,2575,9,2020
1743,San Juan,331,9,2020
1744,Skagit,448,9,2020
1745,Skamania,32,9,2020
1746,Snohomish,4693,9,2020
1747,Spokane,797,9,2020
1748,Stevens,35,9,2020
1749,Thurston,1211,9,2020
1750,Wahkiakum,6,9,2020
1751,Walla Walla,86,9,2020
1752,Whatcom,1143,9,2020
1753,Whitman,47,9,2020
1754,Yakima,155,9,2020
1755,Adams,8,10,2020
1756,Asotin,17,10,2020
1757,Benton,403,10,2020
1758,Chelan,265,10,2020
1759,Clallam,253,10,2020
1760,Clark,2212,10,2020
1761,Columbia,4,10,2020
1762,Cowlitz,160,10,2020
1763,Douglas,80,10,2020
1764,Ferry,8,10,2020
1765,Franklin,73,10,2020
1766,Garfield,0,10,2020
1767,Grant,71,10,2020
1768,Grays Harbor,118,10,2020
1769,Island,464,10,2020
1770,Jefferson,260,10,2020
1771,King,25878,10,2020
1772,Kitsap,1464,10,2020
1773,Kittitas,121,10,2020
1774,Klickitat,59,10,2020
1775,Lewis,114,10,2020
1776,Lincoln,5,10,2020
1777,Mason,165,10,2020
1778,Okanogan,47,10,2020
1779,Pacific,34,10,2020
1780,Pend Oreille,8,10,2020
1781,Pierce,2660,10,2020
1782,San Juan,340,10,2020
1783,Skagit,467,10,2020
1784,Skamania,32,10,2020
1785,Snohomish,4830,10,2020
1786,Spokane,827,10,2020
1787,Stevens,36,10,2020
1788,Thurston,1254,10,2020
1789,Wahkiakum,6,10,2020
1790,Walla Walla,86,10,2020
1791,Whatcom,1172,10,2020
1792,Whitman,50,10,2020
1793,Yakima,158,10,2020
1794,Adams,10,11,2020
1795,Asotin,17,11,2020
1796,Benton,426,11,2020
1797,Chelan,271,11,2020
1798,Clallam,263,11,2020
1799,Clark,2284,11,2020
1800,Columbia,4,11,2020
1801,Cowlitz,170,11,2020
1802,Douglas,82,11,2020
1803,Ferry,8,11,2020
1804,Franklin,78,11,2020
1805,Garfield,0,11,2020
1806,Grant,78,11,2020
1807,Grays Harbor,122,11,2020
1808,Island,480,11,2020
1809,Jefferson,276,11,2020
1810,King,26601,11,2020
1811,Kitsap,1520,11,2020
1812,Kittitas,125,11,2020
1813,Klickitat,62,11,2020
1814,Lewis,117,11,2020
1815,Lincoln,5,11,2020
1816,Mason,169,11,2020
1817,Okanogan,51,11,2020
1818,Pacific,36,11,2020
1819,Pend Oreille,9,11,2020
1820,Pierce,2759,11,2020
1821,San Juan,355,11,2020
1822,Skagit,482,11,2020
1823,Skamania,33,11,2020
1824,Snohomish,4955,11,2020
1825,Spokane,858,11,2020
1826,Stevens,36,11,2020
1827,Thurston,1290,11,2020
1828,Wahkiakum,6,11,2020
1829,Walla Walla,95,11,2020
1830,Whatcom,1206,11,2020
1831,Whitman,51,11,2020
1832,Yakima,167,11,2020
1833,Adams,10,12,2020
1834,Asotin,16,12,2020
1835,Benton,440,12,2020
1836,Chelan,278,12,2020
1837,Clallam,274,12,2020
1838,Clark,2356,12,2020
1839,Columbia,5,12,2020
1840,Cowlitz,177,12,2020
1841,Douglas,86,12,2020
1842,Ferry,9,12,2020
1843,Franklin,85,12,2020
1844,Garfield,0,12,2020
1845,Grant,80,12,2020
1846,Grays Harbor,127,12,2020
1847,Island,507,12,2020
1848,Jefferson,285,12,2020
1849,King,26918,12,2020
1850,Kitsap,1555,12,2020
1851,Kittitas,127,12,2020
1852,Klickitat,62,12,2020
1853,Lewis,123,12,2020
1854,Lincoln,5,12,2020
1855,Mason,173,12,2020
1856,Okanogan,55,12,2020
1857,Pacific,34,12,2020
1858,Pend Oreille,12,12,2020
1859,Pierce,2825,12,2020
1860,San Juan,365,12,2020
1861,Skagit,498,12,2020
1862,Skamania,33,12,2020
1863,Snohomish,5035,12,2020
1864,Spokane,885,12,2020
1865,Stevens,36,12,2020
1866,Thurston,1321,12,2020
1867,Wahkiakum,6,12,2020
1868,Walla Walla,98,12,2020
1869,Whatcom,1221,12,2020
1870,Whitman,51,12,2020
1871,Yakima,171,12,2020
1872,Adams,10,1,2021
1873,Asotin,16,1,2021
1874,Benton,453,1,2021
1875,Chelan,294,1,2021
1876,Clallam,282,1,2021
1877,Clark,2459,1,2021
1878,Columbia,5,1,2021
1879,Cowlitz,188,1,2021
1880,Douglas,84,1,2021
1881,Ferry,9,1,2021
1882,Franklin,89,1,2021
1883,Garfield,0,1,2021
1884,Grant,87,1,2021
1885,Grays Harbor,133,1,2021
1886,Island,527,1,2021
1887,Jefferson,290,1,2021
1888,King,27794,1,2021
1889,Kitsap,1606,1,2021
1890,Kittitas,134,1,2021
1891,Klickitat,63,1,2021
1892,Lewis,126,1,2021
1893,Lincoln,6,1,2021
1894,Mason,179,1,2021
1895,Okanogan,56,1,2021
1896,Pacific,35,1,2021
1897,Pend Oreille,12,1,2021
1898,Pierce,2963,1,2021
1899,San Juan,377,1,2021
1900,Skagit,518,1,2021
1901,Skamania,34,1,2021
1902,Snohomish,5177,1,2021
1903,Spokane,909,1,2021
1904,Stevens,37,1,2021
1905,Thurston,1350,1,2021
1906,Wahkiakum,7,1,2021
1907,Walla Walla,103,1,2021
1908,Whatcom,1256,1,2021
1909,Whitman,51,1,2021
1910,Yakima,179,1,2021
1911,Adams,10,2,2021
1912,Asotin,17,2,2021
1913,Benton,460,2,2021
1914,Chelan,301,2,2021
1915,Clallam,283,2,2021
1916,Clark,2505,2,2021
1917,Columbia,5,2,2021
1918,Cowlitz,194,2,2021
1919,Douglas,86,2,2021
1920,Ferry,10,2,2021
1921,Franklin,92,2,2021
1922,Garfield,0,2,2021
1923,Grant,90,2,2021
1924,Grays Harbor,142,2,2021
1925,Island,546,2,2021
1926,Jefferson,295,2,2021
1927,King,28231,2,2021
1928,Kitsap,1641,2,2021
1929,Kittitas,142,2,2021
1930,Klickitat,65,2,2021
1931,Lewis,127,2,2021
1932,Lincoln,6,2,2021
1933,Mason,177,2,2021
1934,Okanogan,56,2,2021
1935,Pacific,37,2,2021
1936,Pend Oreille,12,2,2021
1937,Pierce,3028,2,2021
1938,San Juan,383,2,2021
1939,Skagit,536,2,2021
1940,Skamania,37,2,2021
1941,Snohomish,5270,2,2021
1942,Spokane,922,2,2021
1943,Stevens,38,2,2021
1944,Thurston,1383,2,2021
1945,Wahkiakum,8,2,2021
1946,Walla Walla,105,2,2021
1947,Whatcom,1280,2,2021
1948,Whitman,53,2,2021
1949,Yakima,185,2,2021
1950,Adams,10,3,2021
1951,Asotin,17,3,2021
1952,Benton,466,3,2021
1953,Chelan,304,3,2021
1954,Clallam,300,3,2021
1955,Clark,2578,3,2021
1956,Columbia,5,3,2021
1957,Cowlitz,197,3,2021
1958,Douglas,86,3,2021
1959,Ferry,10,3,2021
1960,Franklin,100,3,2021
1961,Garfield,0,3,2021
1962,Grant,93,3,2021
1963,Grays Harbor,150,3,2021
1964,Island,556,3,2021
1965,Jefferson,302,3,2021
1966,King,28523,3,2021
1967,Kitsap,1674,3,2021
1968,Kittitas,146,3,2021
1969,Klickitat,65,3,2021
1970,Lewis,130,3,2021
1971,Lincoln,5,3,2021
1972,Mason,185,3,2021
1973,Okanogan,57,3,2021
1974,Pacific,39,3,2021
1975,Pend Oreille,12,3,2021
1976,Pierce,3125,3,2021
1977,San Juan,394,3,2021
1978,Skagit,540,3,2021
1979,Skamania,38,3,2021
1980,Snohomish,5384,3,2021
1981,Spokane,951,3,2021
1982,Stevens,38,3,2021
1983,Thurston,1432,3,2021
1984,Wahkiakum,9,3,2021
1985,Walla Walla,107,3,2021
1986,Whatcom,1302,3,2021
1987,Whitman,54,3,2021
1988,Yakima,189,3,2021
1989,Adams,11,4,2021
1990,Asotin,19,4,2021
1991,Benton,496,4,2021
1992,Chelan,314,4,2021
1993,Clallam,310,4,2021
1994,Clark,2681,4,2021
1995,Columbia,5,4,2021
1996,Cowlitz,211,4,2021
1997,Douglas,88,4,2021
1998,Ferry,10,4,2021
1999,Franklin,109,4,2021
2000,Garfield,0,4,2021
2001,Grant,102,4,2021
2002,Grays Harbor,156,4,2021
2003,Island,582,4,2021
2004,Jefferson,310,4,2021
2005,King,29461,4,2021
2006,Kitsap,1732,4,2021
2007,Kittitas,153,4,2021
2008,Klickitat,67,4,2021
2009,Lewis,146,4,2021
2010,Lincoln,5,4,2021
2011,Mason,191,4,2021
2012,Okanogan,60,4,2021
2013,Pacific,41,4,2021
2014,Pend Oreille,14,4,2021
2015,Pierce,3271,4,2021
2016,San Juan,406,4,2021
2017,Skagit,563,4,2021
2018,Skamania,40,4,2021
2019,Snohomish,5588,4,2021
2020,Spokane,999,4,2021
2021,Stevens,40,4,2021
2022,Thurston,1494,4,2021
2023,Wahkiakum,11,4,2021
2024,Walla Walla,108,4,2021
2025,Whatcom,1359,4,2021
2026,Whitman,59,4,2021
2027,Yakima,207,4,2021
2028,Adams,11,5,2021
2029,Asotin,19,5,2021
2030,Benton,504,5,2021
2031,Chelan,322,5,2021
2032,Clallam,322,5,2021
2033,Clark,2757,5,2021
2034,Columbia,6,5,2021
2035,Cowlitz,218,5,2021
2036,Douglas,92,5,2021
2037,Ferry,9,5,2021
2038,Franklin,117,5,2021
2039,Garfield,0,5,2021
2040,Grant,102,5,2021
2041,Grays Harbor,161,5,2021
2042,Island,599,5,2021
2043,Jefferson,322,5,2021
2044,King,30044,5,2021
2045,Kitsap,1795,5,2021
2046,Kittitas,155,5,2021
2047,Klickitat,66,5,2021
2048,Lewis,157,5,2021
2049,Lincoln,5,5,2021
2050,Mason,207,5,2021
2051,Okanogan,61,5,2021
2052,Pacific,43,5,2021
2053,Pend Oreille,14,5,2021
2054,Pierce,3381,5,2021
2055,San Juan,423,5,2021
2056,Skagit,578,5,2021
2057,Skamania,43,5,2021
2058,Snohomish,5729,5,2021
2059,Spokane,1029,5,2021
2060,Stevens,42,5,2021
2061,Thurston,1543,5,2021
2062,Wahkiakum,13,5,2021
2063,Walla Walla,110,5,2021
2064,Whatcom,1390,5,2021
2065,Whitman,60,5,2021
2066,Yakima,212,5,2021
2067,Adams,16,6,2021
2068,Asotin,20,6,2021
2069,Benton,518,6,2021
2070,Chelan,336,6,2021
2071,Clallam,330,6,2021
2072,Clark,2841,6,2021
2073,Columbia,6,6,2021
2074,Cowlitz,224,6,2021
2075,Douglas,93,6,2021
2076,Ferry,9,6,2021
2077,Franklin,123,6,2021
2078,Garfield,0,6,2021
2079,Grant,107,6,2021
2080,Grays Harbor,168,6,2021
2081,Island,617,6,2021
2082,Jefferson,331,6,2021
2083,King,30496,6,2021
2084,Kitsap,1850,6,2021
2085,Kittitas,160,6,2021
2086,Klickitat,70,6,2021
2087,Lewis,163,6,2021
2088,Lincoln,5,6,2021
2089,Mason,215,6,2021
2090,Okanogan,63,6,2021
2091,Pacific,45,6,2021
2092,Pend Oreille,14,6,2021
2093,Pierce,3469,6,2021
2094,San Juan,431,6,2021
2095,Skagit,590,6,2021
2096,Skamania,44,6,2021
2097,Snohomish,5886,6,2021
2098,Spokane,1068,6,2021
2099,Stevens,45,6,2021
2100,Thurston,1585,6,2021
2101,Wahkiakum,15,6,2021
2102,Walla Walla,113,6,2021
2103,Whatcom,1423,6,2021
2104,Whitman,58,6,2021
2105,Yakima,226,6,2021
2106,Adams,16,7,2021
2107,Asotin,21,7,2021
2108,Benton,540,7,2021
2109,Chelan,350,7,2021
2110,Clallam,342,7,2021
2111,Clark,2977,7,2021
2112,Columbia,6,7,2021
2113,Cowlitz,229,7,2021
2114,Douglas,100,7,2021
2115,Ferry,9,7,2021
2116,Franklin,134,7,2021
2117,Garfield,0,7,2021
2118,Grant,120,7,2021
2119,Grays Harbor,176,7,2021
2120,Island,625,7,2021
2121,Jefferson,339,7,2021
2122,King,31555,7,2021
2123,Kitsap,1910,7,2021
2124,Kittitas,166,7,2021
2125,Klickitat,77,7,2021
2126,Lewis,165,7,2021
2127,Lincoln,6,7,2021
2128,Mason,216,7,2021
2129,Okanogan,65,7,2021
2130,Pacific,46,7,2021
2131,Pend Oreille,15,7,2021
2132,Pierce,3636,7,2021
2133,San Juan,443,7,2021
2134,Skagit,609,7,2021
2135,Skamania,51,7,2021
2136,Snohomish,6126,7,2021
2137,Spokane,1118,7,2021
2138,Stevens,49,7,2021
2139,Thurston,1660,7,2021
2140,Wahkiakum,15,7,2021
2141,Walla Walla,115,7,2021
2142,Whatcom,1479,7,2021
2143,Whitman,61,7,2021
2144,Yakima,237,7,2021
2145,Adams,16,8,2021
2146,Asotin,21,8,2021
2147,Benton,567,8,2021
2148,Chelan,364,8,2021
2149,Clallam,351,8,2021
2150,Clark,3072,8,2021
2151,Columbia,7,8,2021
2152,Cowlitz,237,8,2021
2153,Douglas,103,8,2021
2154,Ferry,9,8,2021
2155,Franklin,139,8,2021
2156,Garfield,0,8,2021
2157,Grant,123,8,2021
2158,Grays Harbor,177,8,2021
2159,Island,645,8,2021
2160,Jefferson,350,8,2021
2161,King,32288,8,2021
2162,Kitsap,1951,8,2021
2163,Kittitas,173,8,2021
2164,Klickitat,82,8,2021
2165,Lewis,181,8,2021
2166,Lincoln,7,8,2021
2167,Mason,227,8,2021
2168,Okanogan,66,8,2021
2169,Pacific,48,8,2021
2170,Pend Oreille,16,8,2021
2171,Pierce,3773,8,2021
2172,San Juan,452,8,2021
2173,Skagit,621,8,2021
2174,Skamania,52,8,2021
2175,Snohomish,6310,8,2021
2176,Spokane,1157,8,2021
2177,Stevens,48,8,2021
2178,Thurston,1715,8,2021
2179,Wahkiakum,16,8,2021
2180,Walla Walla,121,8,2021
2181,Whatcom,1524,8,2021
2182,Whitman,63,8,2021
2183,Yakima,248,8,2021
2184,Adams,16,9,2021
2185,Asotin,20,9,2021
2186,Benton,581,9,2021
2187,Chelan,375,9,2021
2188,Clallam,360,9,2021
2189,Clark,3150,9,2021
2190,Columbia,7,9,2021
2191,Cowlitz,246,9,2021
2192,Douglas,103,9,2021
2193,Ferry,10,9,2021
2194,Franklin,138,9,2021
2195,Garfield,0,9,2021
2196,Grant,125,9,2021
2197,Grays Harbor,183,9,2021
2198,Island,661,9,2021
2199,Jefferson,358,9,2021
2200,King,32878,9,2021
2201,Kitsap,1992,9,2021
2202,Kittitas,180,9,2021
2203,Klickitat,83,9,2021
2204,Lewis,185,9,2021
2205,Lincoln,7,9,2021
2206,Mason,239,9,2021
2207,Okanogan,67,9,2021
2208,Pacific,49,9,2021
2209,Pend Oreille,17,9,2021
2210,Pierce,3876,9,2021
2211,San Juan,462,9,2021
2212,Skagit,641,9,2021
2213,Skamania,53,9,2021
2214,Snohomish,6456,9,2021
2215,Spokane,1186,9,2021
2216,Stevens,51,9,2021
2217,Thurston,1750,9,2021
2218,Wahkiakum,16,9,2021
2219,Walla Walla,128,9,2021
2220,Whatcom,1544,9,2021
2221,Whitman,64,9,2021
2222,Yakima,257,9,2021
2223,Adams,16,10,2021
2224,Asotin,21,10,2021
2225,Benton,595,10,2021
2226,Chelan,385,10,2021
2227,Clallam,366,10,2021
2228,Clark,3253,10,2021
2229,Columbia,7,10,2021
2230,Cowlitz,258,10,2021
2231,Douglas,103,10,2021
2232,Ferry,11,10,2021
2233,Franklin,144,10,2021
2234,Garfield,0,10,2021
2235,Grant,133,10,2021
2236,Grays Harbor,187,10,2021
2237,Island,678,10,2021
2238,Jefferson,362,10,2021
2239,King,33838,10,2021
2240,Kitsap,2041,10,2021
2241,Kittitas,193,10,2021
2242,Klickitat,87,10,2021
2243,Lewis,194,10,2021
2244,Lincoln,7,10,2021
2245,Mason,246,10,2021
2246,Okanogan,66,10,2021
2247,Pacific,49,10,2021
2248,Pend Oreille,18,10,2021
2249,Pierce,4000,10,2021
2250,San Juan,469,10,2021
2251,Skagit,649,10,2021
2252,Skamania,58,10,2021
2253,Snohomish,6656,10,2021
2254,Spokane,1217,10,2021
2255,Stevens,52,10,2021
2256,Thurston,1802,10,2021
2257,Wahkiakum,17,10,2021
2258,Walla Walla,132,10,2021
2259,Whatcom,1585,10,2021
2260,Whitman,63,10,2021
2261,Yakima,270,10,2021
2262,Adams,16,11,2021
2263,Asotin,21,11,2021
2264,Benton,625,11,2021
2265,Chelan,400,11,2021
2266,Clallam,373,11,2021
2267,Clark,3363,11,2021
2268,Columbia,6,11,2021
2269,Cowlitz,265,11,2021
2270,Douglas,106,11,2021
2271,Ferry,13,11,2021
2272,Franklin,154,11,2021
2273,Garfield,0,11,2021
2274,Grant,131,11,2021
2275,Grays Harbor,191,11,2021
2276,Island,700,11,2021
2277,Jefferson,372,11,2021
2278,King,34714,11,2021
2279,Kitsap,2082,11,2021
2280,Kittitas,196,11,2021
2281,Klickitat,88,11,2021
2282,Lewis,199,11,2021
2283,Lincoln,7,11,2021
2284,Mason,255,11,2021
2285,Okanogan,67,11,2021
2286,Pacific,51,11,2021
2287,Pend Oreille,18,11,2021
2288,Pierce,4128,11,2021
2289,San Juan,473,11,2021
2290,Skagit,667,11,2021
2291,Skamania,57,11,2021
2292,Snohomish,6839,11,2021
2293,Spokane,1261,11,2021
2294,Stevens,54,11,2021
2295,Thurston,1845,11,2021
2296,Wahkiakum,17,11,2021
2297,Walla Walla,137,11,2021
2298,Whatcom,1615,11,2021
2299,Whitman,66,11,2021
2300,Yakima,272,11,2021
2301,Adams,17,12,2021
2302,Asotin,22,12,2021
2303,Benton,639,12,2021
2304,Chelan,408,12,2021
2305,Clallam,384,12,2021
2306,Clark,3475,12,2021
2307,Columbia,6,12,2021
2308,Cowlitz,274,12,2021
2309,Douglas,116,12,2021
2310,Ferry,14,12,2021
2311,Franklin,162,12,2021
2312,Garfield,0,12,2021
2313,Grant,137,12,2021
2314,Grays Harbor,192,12,2021
2315,Island,713,12,2021
2316,Jefferson,382,12,2021
2317,King,35478,12,2021
2318,Kitsap,2128,12,2021
2319,Kittitas,207,12,2021
2320,Klickitat,89,12,2021
2321,Lewis,206,12,2021
2322,Lincoln,7,12,2021
2323,Mason,266,12,2021
2324,Okanogan,69,12,2021
2325,Pacific,51,12,2021
2326,Pend Oreille,18,12,2021
2327,Pierce,4234,12,2021
2328,San Juan,478,12,2021
2329,Skagit,695,12,2021
2330,Skamania,60,12,2021
2331,Snohomish,7026,12,2021
2332,Spokane,1309,12,2021
2333,Stevens,55,12,2021
2334,Thurston,1867,12,2021
2335,Wahkiakum,17,12,2021
2336,Walla Walla,143,12,2021
2337,Whatcom,1647,12,2021
2338,Whitman,67,12,2021
2339,Yakima,286,12,2021
2340,Adams,17,1,2022
2341,Asotin,23,1,2022
2342,Benton,654,1,2022
2343,Chelan,421,1,2022
2344,Clallam,392,1,2022
2345,Clark,3543,1,2022
2346,Columbia,6,1,2022
2347,Cowlitz,273,1,2022
2348,Douglas,118,1,2022
2349,Ferry,14,1,2022
2350,Franklin,169,1,2022
2351,Garfield,0,1,2022
2352,Grant,140,1,2022
2353,Grays Harbor,197,1,2022
2354,Island,734,1,2022
2355,Jefferson,385,1,2022
2356,King,36359,1,2022
2357,Kitsap,2190,1,2022
2358,Kittitas,216,1,2022
2359,Klickitat,90,1,2022
2360,Lewis,213,1,2022
2361,Lincoln,6,1,2022
2362,Mason,272,1,2022
2363,Okanogan,70,1,2022
2364,Pacific,55,1,2022
2365,Pend Oreille,17,1,2022
2366,Pierce,4365,1,2022
2367,San Juan,483,1,2022
2368,Skagit,701,1,2022
2369,Skamania,60,1,2022
2370,Snohomish,7224,1,2022
2371,Spokane,1349,1,2022
2372,Stevens,58,1,2022
2373,Thurston,1923,1,2022
2374,Wahkiakum,17,1,2022
2375,Walla Walla,146,1,2022
2376,Whatcom,1668,1,2022
2377,Whitman,69,1,2022
2378,Yakima,294,1,2022
2379,Adams,17,2,2022
2380,Asotin,22,2,2022
2381,Benton,664,2,2022
2382,Chelan,429,2,2022
2383,Clallam,394,2,2022
2384,Clark,3629,2,2022
2385,Columbia,6,2,2022
2386,Cowlitz,280,2,2022
2387,Douglas,122,2,2022
2388,Ferry,15,2,2022
2389,Franklin,175,2,2022
2390,Garfield,0,2,2022
2391,Grant,142,2,2022
2392,Grays Harbor,202,2,2022
2393,Island,745,2,2022
2394,Jefferson,394,2,2022
2395,King,37228,2,2022
2396,Kitsap,2229,2,2022
2397,Kittitas,218,2,2022
2398,Klickitat,92,2,2022
2399,Lewis,221,2,2022
2400,Lincoln,7,2,2022
2401,Mason,280,2,2022
2402,Okanogan,74,2,2022
2403,Pacific,58,2,2022
2404,Pend Oreille,17,2,2022
2405,Pierce,4484,2,2022
2406,San Juan,486,2,2022
2407,Skagit,716,2,2022
2408,Skamania,59,2,2022
2409,Snohomish,7457,2,2022
2410,Spokane,1391,2,2022
2411,Stevens,58,2,2022
2412,Thurston,1973,2,2022
2413,Wahkiakum,17,2,2022
2414,Walla Walla,152,2,2022
2415,Whatcom,1694,2,2022
2416,Whitman,70,2,2022
2417,Yakima,301,2,2022
2418,Adams,16,3,2022
2419,Asotin,22,3,2022
2420,Benton,699,3,2022
2421,Chelan,437,3,2022
2422,Clallam,403,3,2022
2423,Clark,3745,3,2022
2424,Columbia,6,3,2022
2425,Cowlitz,293,3,2022
2426,Douglas,125,3,2022
2427,Ferry,17,3,2022
2428,Franklin,179,3,2022
2429,Garfield,0,3,2022
2430,Grant,151,3,2022
2431,Grays Harbor,205,3,2022
2432,Island,758,3,2022
2433,Jefferson,408,3,2022
2434,King,37952,3,2022
2435,Kitsap,2274,3,2022
2436,Kittitas,225,3,2022
2437,Klickitat,96,3,2022
2438,Lewis,226,3,2022
2439,Lincoln,7,3,2022
2440,Mason,286,3,2022
2441,Okanogan,77,3,2022
2442,Pacific,61,3,2022
2443,Pend Oreille,16,3,2022
2444,Pierce,4629,3,2022
2445,San Juan,493,3,2022
2446,Skagit,731,3,2022
2447,Skamania,65,3,2022
2448,Snohomish,7669,3,2022
2449,Spokane,1442,3,2022
2450,Stevens,60,3,2022
2451,Thurston,2030,3,2022
2452,Wahkiakum,18,3,2022
2453,Walla Walla,157,3,2022
2454,Whatcom,1739,3,2022
2455,Whitman,79,3,2022
2456,Yakima,312,3,2022
2457,Adams,16,4,2022
2458,Asotin,24,4,2022
2459,Benton,716,4,2022
2460,Chelan,447,4,2022
2461,Clallam,405,4,2022
2462,Clark,3866,4,2022
2463,Columbia,7,4,2022
2464,Cowlitz,314,4,2022
2465,Douglas,126,4,2022
2466,Ferry,19,4,2022
2467,Franklin,179,4,2022
2468,Garfield,0,4,2022
2469,Grant,159,4,2022
2470,Grays Harbor,200,4,2022
2471,Island,779,4,2022
2472,Jefferson,415,4,2022
2473,King,39342,4,2022
2474,Kitsap,2325,4,2022
2475,Kittitas,236,4,2022
2476,Klickitat,100,4,2022
2477,Lewis,232,4,2022
2478,Lincoln,7,4,2022
2479,Mason,294,4,2022
2480,Okanogan,79,4,2022
2481,Pacific,60,4,2022
2482,Pend Oreille,16,4,2022
2483,Pierce,4837,4,2022
2484,San Juan,495,4,2022
2485,Skagit,752,4,2022
2486,Skamania,67,4,2022
2487,Snohomish,7969,4,2022
2488,Spokane,1510,4,2022
2489,Stevens,64,4,2022
2490,Thurston,2075,4,2022
2491,Wahkiakum,20,4,2022
2492,Walla Walla,163,4,2022
2493,Whatcom,1779,4,2022
2494,Whitman,83,4,2022
2495,Yakima,318,4,2022
2496,Adams,16,5,2022
2497,Asotin,23,5,2022
2498,Benton,731,5,2022
2499,Chelan,452,5,2022
2500,Clallam,411,5,2022
2501,Clark,3940,5,2022
2502,Columbia,7,5,2022
2503,Cowlitz,323,5,2022
2504,Douglas,131,5,2022
2505,Ferry,20,5,2022
2506,Franklin,181,5,2022
2507,Garfield,0,5,2022
2508,Grant,166,5,2022
2509,Grays Harbor,205,5,2022
2510,Island,797,5,2022
2511,Jefferson,425,5,2022
2512,King,40046,5,2022
2513,Kitsap,2356,5,2022
2514,Kittitas,249,5,2022
2515,Klickitat,100,5,2022
2516,Lewis,231,5,2022
2517,Lincoln,8,5,2022
2518,Mason,305,5,2022
2519,Okanogan,82,5,2022
2520,Pacific,60,5,2022
2521,Pend Oreille,16,5,2022
2522,Pierce,4955,5,2022
2523,San Juan,500,5,2022
2524,Skagit,760,5,2022
2525,Skamania,70,5,2022
2526,Snohomish,8146,5,2022
2527,Spokane,1543,5,2022
2528,Stevens,64,5,2022
2529,Thurston,2130,5,2022
2530,Wahkiakum,22,5,2022
2531,Walla Walla,171,5,2022
2532,Whatcom,1804,5,2022
2533,Whitman,84,5,2022
2534,Yakima,325,5,2022
2535,Adams,18,6,2022
2536,Asotin,23,6,2022
2537,Benton,754,6,2022
2538,Chelan,464,6,2022
2539,Clallam,424,6,2022
2540,Clark,4100,6,2022
2541,Columbia,7,6,2022
2542,Cowlitz,338,6,2022
2543,Douglas,131,6,2022
2544,Ferry,19,6,2022
2545,Franklin,186,6,2022
2546,Garfield,0,6,2022
2547,Grant,175,6,2022
2548,Grays Harbor,211,6,2022
2549,Island,821,6,2022
2550,Jefferson,436,6,2022
2551,King,40785,6,2022
2552,Kitsap,2396,6,2022
2553,Kittitas,267,6,2022
2554,Klickitat,103,6,2022
2555,Lewis,235,6,2022
2556,Lincoln,8,6,2022
2557,Mason,312,6,2022
2558,Okanogan,84,6,2022
2559,Pacific,61,6,2022
2560,Pend Oreille,17,6,2022
2561,Pierce,5066,6,2022
2562,San Juan,514,6,2022
2563,Skagit,782,6,2022
2564,Skamania,73,6,2022
2565,Snohomish,8372,6,2022
2566,Spokane,1602,6,2022
2567,Stevens,68,6,2022
2568,Thurston,2188,6,2022
2569,Wahkiakum,23,6,2022
2570,Walla Walla,172,6,2022
2571,Whatcom,1821,6,2022
2572,Whitman,88,6,2022
2573,Yakima,337,6,2022
2574,Adams,20,7,2022
2575,Asotin,24,7,2022
2576,Benton,783,7,2022
2577,Chelan,481,7,2022
2578,Clallam,435,7,2022
2579,Clark,4236,7,2022
2580,Columbia,7,7,2022
2581,Cowlitz,351,7,2022
2582,Douglas,139,7,2022
2583,Ferry,21,7,2022
2584,Franklin,204,7,2022
2585,Garfield,1,7,2022
2586,Grant,183,7,2022
2587,Grays Harbor,216,7,2022
2588,Island,839,7,2022
2589,Jefferson,445,7,2022
2590,King,42015,7,2022
2591,Kitsap,2475,7,2022
2592,Kittitas,279,7,2022
2593,Klickitat,106,7,2022
2594,Lewis,246,7,2022
2595,Lincoln,9,7,2022
2596,Mason,324,7,2022
2597,Okanogan,89,7,2022
2598,Pacific,64,7,2022
2599,Pend Oreille,18,7,2022
2600,Pierce,5262,7,2022
2601,San Juan,525,7,2022
2602,Skagit,817,7,2022
2603,Skamania,76,7,2022
2604,Snohomish,8688,7,2022
2605,Spokane,1683,7,2022
2606,Stevens,73,7,2022
2607,Thurston,2249,7,2022
2608,Wahkiakum,24,7,2022
2609,Walla Walla,176,7,2022
2610,Whatcom,1875,7,2022
2611,Whitman,90,7,2022
2612,Yakima,354,7,2022
2613,Adams,22,8,2022
2614,Asotin,24,8,2022
2615,Benton,820,8,2022
2616,Chelan,491,8,2022
2617,Clallam,439,8,2022
2618,Clark,4362,8,2022
2619,Columbia,8,8,2022
2620,Cowlitz,355,8,2022
2621,Douglas,142,8,2022
2622,Ferry,20,8,2022
2623,Franklin,226,8,2022
2624,Garfield,1,8,2022
2625,Grant,199,8,2022
2626,Grays Harbor,220,8,2022
2627,Island,865,8,2022
2628,Jefferson,456,8,2022
2629,King,43133,8,2022
2630,Kitsap,2541,8,2022
2631,Kittitas,287,8,2022
2632,Klickitat,108,8,2022
2633,Lewis,243,8,2022
2634,Lincoln,9,8,2022
2635,Mason,334,8,2022
2636,Okanogan,89,8,2022
2637,Pacific,70,8,2022
2638,Pend Oreille,18,8,2022
2639,Pierce,5459,8,2022
2640,San Juan,535,8,2022
2641,Skagit,859,8,2022
2642,Skamania,82,8,2022
2643,Snohomish,8971,8,2022
2644,Spokane,1752,8,2022
2645,Stevens,77,8,2022
2646,Thurston,2343,8,2022
2647,Wahkiakum,25,8,2022
2648,Walla Walla,181,8,2022
2649,Whatcom,1928,8,2022
2650,Whitman,96,8,2022
2651,Yakima,365,8,2022
2652,Adams,23,9,2022
2653,Asotin,25,9,2022
2654,Benton,838,9,2022
2655,Chelan,499,9,2022
2656,Clallam,448,9,2022
2657,Clark,4495,9,2022
2658,Columbia,8,9,2022
2659,Cowlitz,371,9,2022
2660,Douglas,148,9,2022
2661,Ferry,22,9,2022
2662,Franklin,233,9,2022
2663,Garfield,1,9,2022
2664,Grant,203,9,2022
2665,Grays Harbor,226,9,2022
2666,Island,885,9,2022
2667,Jefferson,457,9,2022
2668,King,43729,9,2022
2669,Kitsap,2594,9,2022
2670,Kittitas,294,9,2022
2671,Klickitat,111,9,2022
2672,Lewis,253,9,2022
2673,Lincoln,10,9,2022
2674,Mason,343,9,2022
2675,Okanogan,94,9,2022
2676,Pacific,70,9,2022
2677,Pend Oreille,18,9,2022
2678,Pierce,5572,9,2022
2679,San Juan,542,9,2022
2680,Skagit,874,9,2022
2681,Skamania,85,9,2022
2682,Snohomish,9129,9,2022
2683,Spokane,1780,9,2022
2684,Stevens,82,9,2022
2685,Thurston,2402,9,2022
2686,Wahkiakum,25,9,2022
2687,Walla Walla,189,9,2022
2688,Whatcom,1966,9,2022
2689,Whitman,98,9,2022
2690,Yakima,379,9,2022
2691,Adams,23,10,2022
2692,Asotin,26,10,2022
2693,Benton,873,10,2022
2694,Chelan,514,10,2022
2695,Clallam,463,10,2022
2696,Clark,4635,10,2022
2697,Columbia,8,10,2022
2698,Cowlitz,387,10,2022
2699,Douglas,160,10,2022
2700,Ferry,24,10,2022
2701,Franklin,241,10,2022
2702,Garfield,1,10,2022
2703,Grant,213,10,2022
2704,Grays Harbor,233,10,2022
2705,Island,913,10,2022
2706,Jefferson,469,10,2022
2707,King,45664,10,2022
2708,Kitsap,2657,10,2022
2709,Kittitas,296,10,2022
2710,Klickitat,117,10,2022
2711,Lewis,263,10,2022
2712,Lincoln,12,10,2022
2713,Mason,356,10,2022
2714,Okanogan,97,10,2022
2715,Pacific,69,10,2022
2716,Pend Oreille,18,10,2022
2717,Pierce,5804,10,2022
2718,San Juan,556,10,2022
2719,Skagit,892,10,2022
2720,Skamania,85,10,2022
2721,Snohomish,9507,10,2022
2722,Spokane,1849,10,2022
2723,Stevens,85,10,2022
2724,Thurston,2499,10,2022
2725,Wahkiakum,25,10,2022
2726,Walla Walla,193,10,2022
2727,Whatcom,2014,10,2022
2728,Whitman,106,10,2022
2729,Yakima,399,10,2022
2730,Adams,23,11,2022
2731,Asotin,29,11,2022
2732,Benton,920,11,2022
2733,Chelan,534,11,2022
2734,Clallam,478,11,2022
2735,Clark,4818,11,2022
2736,Columbia,8,11,2022
2737,Cowlitz,395,11,2022
2738,Douglas,164,11,2022
2739,Ferry,24,11,2022
2740,Franklin,249,11,2022
2741,Garfield,1,11,2022
2742,Grant,225,11,2022
2743,Grays Harbor,245,11,2022
2744,Island,935,11,2022
2745,Jefferson,480,11,2022
2746,King,47377,11,2022
2747,Kitsap,2726,11,2022
2748,Kittitas,301,11,2022
2749,Klickitat,123,11,2022
2750,Lewis,262,11,2022
2751,Lincoln,12,11,2022
2752,Mason,367,11,2022
2753,Okanogan,102,11,2022
2754,Pacific,71,11,2022
2755,Pend Oreille,19,11,2022
2756,Pierce,6064,11,2022
2757,San Juan,561,11,2022
2758,Skagit,914,11,2022
2759,Skamania,89,11,2022
2760,Snohomish,9961,11,2022
2761,Spokane,1913,11,2022
2762,Stevens,89,11,2022
2763,Thurston,2588,11,2022
2764,Wahkiakum,26,11,2022
2765,Walla Walla,204,11,2022
2766,Whatcom,2079,11,2022
2767,Whitman,112,11,2022
2768,Yakima,416,11,2022
2769,Adams,24,12,2022
2770,Asotin,29,12,2022
2771,Benton,943,12,2022
2772,Chelan,547,12,2022
2773,Clallam,490,12,2022
2774,Clark,4974,12,2022
2775,Columbia,7,12,2022
2776,Cowlitz,412,12,2022
2777,Douglas,172,12,2022
2778,Ferry,24,12,2022
2779,Franklin,256,12,2022
2780,Garfield,1,12,2022
2781,Grant,235,12,2022
2782,Grays Harbor,248,12,2022
2783,Island,946,12,2022
2784,Jefferson,486,12,2022
2785,King,48577,12,2022
2786,Kitsap,2799,12,2022
2787,Kittitas,305,12,2022
2788,Klickitat,127,12,2022
2789,Lewis,269,12,2022
2790,Lincoln,12,12,2022
2791,Mason,376,12,2022
2792,Okanogan,101,12,2022
2793,Pacific,76,12,2022
2794,Pend Oreille,21,12,2022
2795,Pierce,6241,12,2022
2796,San Juan,569,12,2022
2797,Skagit,932,12,2022
2798,Skamania,89,12,2022
2799,Snohomish,10275,12,2022
2800,Spokane,1959,12,2022
2801,Stevens,91,12,2022
2802,Thurston,2666,12,2022
2803,Wahkiakum,27,12,2022
2804,Walla Walla,204,12,2022
2805,Whatcom,2141,12,2022
2806,Whitman,113,12,2022
2807,Yakima,431,12,2022
2808,Adams,23,1,2023
2809,Asotin,30,1,2023
2810,Benton,974,1,2023
2811,Chelan,569,1,2023
2812,Clallam,508,1,2023
2813,Clark,5141,1,2023
2814,Columbia,8,1,2023
2815,Cowlitz,428,1,2023
2816,Douglas,177,1,2023
2817,Ferry,24,1,2023
2818,Franklin,266,1,2023
2819,Garfield,1,1,2023
2820,Grant,236,1,2023
2821,Grays Harbor,262,1,2023
2822,Island,975,1,2023
2823,Jefferson,501,1,2023
2824,King,50332,1,2023
2825,Kitsap,2878,1,2023
2826,Kittitas,316,1,2023
2827,Klickitat,131,1,2023
2828,Lewis,283,1,2023
2829,Lincoln,14,1,2023
2830,Mason,388,1,2023
2831,Okanogan,109,1,2023
2832,Pacific,74,1,2023
2833,Pend Oreille,23,1,2023
2834,Pierce,6494,1,2023
2835,San Juan,581,1,2023
2836,Skagit,967,1,2023
2837,Skamania,94,1,2023
2838,Snohomish,10712,1,2023
2839,Spokane,2017,1,2023
2840,Stevens,97,1,2023
2841,Thurston,2745,1,2023
2842,Wahkiakum,26,1,2023
2843,Walla Walla,206,1,2023
2844,Whatcom,2198,1,2023
2845,Whitman,123,1,2023
2846,Yakima,443,1,2023
2847,Adams,23,2,2023
2848,Asotin,30,2,2023
2849,Benton,1004,2,2023
2850,Chelan,583,2,2023
2851,Clallam,516,2,2023
2852,Clark,5254,2,2023
2853,Columbia,8,2,2023
2854,Cowlitz,435,2,2023
2855,Douglas,186,2,2023
2856,Ferry,21,2,2023
2857,Franklin,279,2,2023
2858,Garfield,1,2,2023
2859,Grant,249,2,2023
2860,Grays Harbor,274,2,2023
2861,Island,996,2,2023
2862,Jefferson,518,2,2023
2863,King,51550,2,2023
2864,Kitsap,2942,2,2023
2865,Kittitas,327,2,2023
2866,Klickitat,131,2,2023
2867,Lewis,296,2,2023
2868,Lincoln,16,2,2023
2869,Mason,403,2,2023
2870,Okanogan,111,2,2023
2871,Pacific,74,2,2023
2872,Pend Oreille,26,2,2023
2873,Pierce,6705,2,2023
2874,San Juan,590,2,2023
2875,Skagit,998,2,2023
2876,Skamania,94,2,2023
2877,Snohomish,11060,2,2023
2878,Spokane,2067,2,2023
2879,Stevens,100,2,2023
2880,Thurston,2824,2,2023
2881,Wahkiakum,27,2,2023
2882,Walla Walla,209,2,2023
2883,Whatcom,2265,2,2023
2884,Whitman,128,2,2023
2885,Yakima,454,2,2023
2886,Adams,25,3,2023
2887,Asotin,31,3,2023
2888,Benton,1057,3,2023
2889,Chelan,603,3,2023
2890,Clallam,525,3,2023
2891,Clark,5375,3,2023
2892,Columbia,8,3,2023
2893,Cowlitz,444,3,2023
2894,Douglas,187,3,2023
2895,Ferry,19,3,2023
2896,Franklin,290,3,2023
2897,Garfield,1,3,2023
2898,Grant,263,3,2023
2899,Grays Harbor,281,3,2023
2900,Island,1010,3,2023
2901,Jefferson,532,3,2023
2902,King,52689,3,2023
2903,Kitsap,3016,3,2023
2904,Kittitas,332,3,2023
2905,Klickitat,139,3,2023
2906,Lewis,300,3,2023
2907,Lincoln,18,3,2023
2908,Mason,414,3,2023
2909,Okanogan,119,3,2023
2910,Pacific,78,3,2023
2911,Pend Oreille,28,3,2023
2912,Pierce,6964,3,2023
2913,San Juan,606,3,2023
2914,Skagit,1041,3,2023
2915,Skamania,97,3,2023
2916,Snohomish,11446,3,2023
2917,Spokane,2131,3,2023
2918,Stevens,104,3,2023
2919,Thurston,2885,3,2023
2920,Wahkiakum,27,3,2023
2921,Walla Walla,214,3,2023
2922,Whatcom,2326,3,2023
2923,Whitman,135,3,2023
2924,Yakima,467,3,2023
2925,Adams,26,4,2023
2926,Asotin,33,4,2023
2927,Benton,1110,4,2023
2928,Chelan,629,4,2023
2929,Clallam,537,4,2023
2930,Clark,5545,4,2023
2931,Columbia,8,4,2023
2932,Cowlitz,445,4,2023
2933,Douglas,197,4,2023
2934,Ferry,19,4,2023
2935,Franklin,303,4,2023
2936,Garfield,1,4,2023
2937,Grant,277,4,2023
2938,Grays Harbor,291,4,2023
2939,Island,1041,4,2023
2940,Jefferson,541,4,2023
2941,King,54491,4,2023
2942,Kitsap,3120,4,2023
2943,Kittitas,336,4,2023
2944,Klickitat,147,4,2023
2945,Lewis,308,4,2023
2946,Lincoln,18,4,2023
2947,Mason,427,4,2023
2948,Okanogan,124,4,2023
2949,Pacific,80,4,2023
2950,Pend Oreille,31,4,2023
2951,Pierce,7276,4,2023
2952,San Juan,617,4,2023
2953,Skagit,1071,4,2023
2954,Skamania,101,4,2023
2955,Snohomish,11839,4,2023
2956,Spokane,2198,4,2023
2957,Stevens,108,4,2023
2958,Thurston,2976,4,2023
2959,Wahkiakum,29,4,2023
2960,Walla Walla,218,4,2023
2961,Whatcom,2389,4,2023
2962,Whitman,142,4,2023
2963,Yakima,479,4,2023
2964,Adams,27,5,2023
2965,Asotin,34,5,2023
2966,Benton,1143,5,2023
2967,Chelan,646,5,2023
2968,Clallam,554,5,2023
2969,Clark,5730,5,2023
2970,Columbia,9,5,2023
2971,Cowlitz,466,5,2023
2972,Douglas,206,5,2023
2973,Ferry,20,5,2023
2974,Franklin,305,5,2023
2975,Garfield,1,5,2023
2976,Grant,287,5,2023
2977,Grays Harbor,297,5,2023
2978,Island,1074,5,2023
2979,Jefferson,562,5,2023
2980,King,56301,5,2023
2981,Kitsap,3204,5,2023
2982,Kittitas,350,5,2023
2983,Klickitat,156,5,2023
2984,Lewis,316,5,2023
2985,Lincoln,16,5,2023
2986,Mason,440,5,2023
2987,Okanogan,132,5,2023
2988,Pacific,80,5,2023
2989,Pend Oreille,30,5,2023
2990,Pierce,7562,5,2023
2991,San Juan,625,5,2023
2992,Skagit,1098,5,2023
2993,Skamania,103,5,2023
2994,Snohomish,12337,5,2023
2995,Spokane,2272,5,2023
2996,Stevens,110,5,2023
2997,Thurston,3100,5,2023
2998,Wahkiakum,28,5,2023
2999,Walla Walla,220,5,2023
3000,Whatcom,2445,5,2023
3001,Whitman,148,5,2023
3002,Yakima,497,5,2023
3003,Adams,28,6,2023
3004,Asotin,35,6,2023
3005,Benton,1166,6,2023
3006,Chelan,667,6,2023
3007,Clallam,567,6,2023
3008,Clark,5944,6,2023
3009,Columbia,11,6,2023
3010,Cowlitz,485,6,2023
3011,Douglas,214,6,2023
3012,Ferry,21,6,2023
3013,Franklin,310,6,2023
3014,Garfield,1,6,2023
3015,Grant,292,6,2023
3016,Grays Harbor,304,6,2023
3017,Island,1108,6,2023
3018,Jefferson,574,6,2023
3019,King,58220,6,2023
3020,Kitsap,3301,6,2023
3021,Kittitas,363,6,2023
3022,Klickitat,163,6,2023
3023,Lewis,337,6,2023
3024,Lincoln,16,6,2023
3025,Mason,455,6,2023
3026,Okanogan,132,6,2023
3027,Pacific,81,6,2023
3028,Pend Oreille,30,6,2023
3029,Pierce,7757,6,2023
3030,San Juan,630,6,2023
3031,Skagit,1126,6,2023
3032,Skamania,107,6,2023
3033,Snohomish,12801,6,2023
3034,Spokane,2351,6,2023
3035,Stevens,113,6,2023
3036,Thurston,3172,6,2023
3037,Wahkiakum,29,6,2023
3038,Walla Walla,225,6,2023
3039,Whatcom,2541,6,2023
3040,Whitman,154,6,2023
3041,Yakima,516,6,2023
3042,Adams,27,7,2023
3043,Asotin,36,7,2023
3044,Benton,1196,7,2023
3045,Chelan,673,7,2023
3046,Clallam,586,7,2023
3047,Clark,6117,7,2023
3048,Columbia,11,7,2023
3049,Cowlitz,495,7,2023
3050,Douglas,218,7,2023
3051,Ferry,21,7,2023
3052,Franklin,325,7,2023
3053,Garfield,0,7,2023
3054,Grant,306,7,2023
3055,Grays Harbor,324,7,2023
3056,Island,1145,7,2023
3057,Jefferson,590,7,2023
3058,King,60116,7,2023
3059,Kitsap,3382,7,2023
3060,Kittitas,375,7,2023
3061,Klickitat,167,7,2023
3062,Lewis,343,7,2023
3063,Lincoln,18,7,2023
3064,Mason,479,7,2023
3065,Okanogan,137,7,2023
3066,Pacific,83,7,2023
3067,Pend Oreille,30,7,2023
3068,Pierce,8023,7,2023
3069,San Juan,645,7,2023
3070,Skagit,1167,7,2023
3071,Skamania,110,7,2023
3072,Snohomish,13329,7,2023
3073,Spokane,2409,7,2023
3074,Stevens,119,7,2023
3075,Thurston,3253,7,2023
3076,Wahkiakum,30,7,2023
3077,Walla Walla,230,7,2023
3078,Whatcom,2615,7,2023
3079,Whitman,164,7,2023
3080,Yakima,529,7,2023
3081,Adams,28,8,2023
3082,Asotin,38,8,2023
3083,Benton,1227,8,2023
3084,Chelan,692,8,2023
3085,Clallam,615,8,2023
3086,Clark,6412,8,2023
3087,Columbia,12,8,2023
3088,Cowlitz,527,8,2023
3089,Douglas,224,8,2023
3090,Ferry,20,8,2023
3091,Franklin,358,8,2023
3092,Garfield,0,8,2023
3093,Grant,316,8,2023
3094,Grays Harbor,336,8,2023
3095,Island,1184,8,2023
3096,Jefferson,605,8,2023
3097,King,62879,8,2023
3098,Kitsap,3519,8,2023
3099,Kittitas,390,8,2023
3100,Klickitat,173,8,2023
3101,Lewis,352,8,2023
3102,Lincoln,19,8,2023
3103,Mason,493,8,2023
3104,Okanogan,144,8,2023
3105,Pacific,86,8,2023
3106,Pend Oreille,30,8,2023
3107,Pierce,8438,8,2023
3108,San Juan,660,8,2023
3109,Skagit,1210,8,2023
3110,Skamania,110,8,2023
3111,Snohomish,14067,8,2023
3112,Spokane,2491,8,2023
3113,Stevens,124,8,2023
3114,Thurston,3422,8,2023
3115,Wahkiakum,31,8,2023
3116,Walla Walla,239,8,2023
3117,Whatcom,2705,8,2023
3118,Whitman,175,8,2023
3119,Yakima,564,8,2023
3120,Adams,30,9,2023
3121,Asotin,39,9,2023
3122,Benton,1264,9,2023
3123,Chelan,701,9,2023
3124,Clallam,618,9,2023
3125,Clark,6533,9,2023
3126,Columbia,12,9,2023
3127,Cowlitz,540,9,2023
3128,Douglas,229,9,2023
3129,Ferry,23,9,2023
3130,Franklin,356,9,2023
3131,Garfield,0,9,2023
3132,Grant,332,9,2023
3133,Grays Harbor,337,9,2023
3134,Island,1201,9,2023
3135,Jefferson,615,9,2023
3136,King,63766,9,2023
3137,Kitsap,3629,9,2023
3138,Kittitas,392,9,2023
3139,Klickitat,184,9,2023
3140,Lewis,364,9,2023
3141,Lincoln,18,9,2023
3142,Mason,501,9,2023
3143,Okanogan,142,9,2023
3144,Pacific,91,9,2023
3145,Pend Oreille,29,9,2023
3146,Pierce,8588,9,2023
3147,San Juan,665,9,2023
3148,Skagit,1248,9,2023
3149,Skamania,114,9,2023
3150,Snohomish,14335,9,2023
3151,Spokane,2561,9,2023
3152,Stevens,123,9,2023
3153,Thurston,3465,9,2023
3154,Wahkiakum,32,9,2023
3155,Walla Walla,249,9,2023
3156,Whatcom,2752,9,2023
3157,Whitman,181,9,2023
3158,Yakima,573,9,2023
