,Date,County,Battery Electric Vehicles (BEVs)
0,2017-01-31,Adams,1
1,2017-01-31,Asotin,4
2,2017-01-31,Benton,129
3,2017-01-31,Chelan,54
4,2017-01-31,Clallam,73
5,2017-01-31,Clark,673
6,2017-01-31,Columbia,0
7,2017-01-31,Cowlitz,51
8,2017-01-31,Douglas,29
9,2017-01-31,Ferry,2
10,2017-01-31,Franklin,27
11,2017-01-31,Garfield,0
12,2017-01-31,Grant,16
13,2017-01-31,Grays Harbor,27
14,2017-01-31,Island,104
15,2017-01-31,Jefferson,87
16,2017-01-31,King,8810
17,2017-01-31,Kitsap,557
18,2017-01-31,Kittitas,15
19,2017-01-31,Klickitat,20
20,2017-01-31,Lewis,43
21,2017-01-31,Lincoln,2
22,2017-01-31,Mason,48
23,2017-01-31,Okanogan,3
24,2017-01-31,Pacific,5
25,2017-01-31,Pend Oreille,1
26,2017-01-31,Pierce,822
27,2017-01-31,San Juan,84
28,2017-01-31,Skagit,107
29,2017-01-31,Skamania,7
30,2017-01-31,Snohomish,1550
31,2017-01-31,Spokane,222
32,2017-01-31,Stevens,6
33,2017-01-31,Thurston,336
34,2017-01-31,Wahkiakum,0
35,2017-01-31,Walla Walla,16
36,2017-01-31,Whatcom,385
37,2017-01-31,Whitman,8
38,2017-01-31,Yakima,36
39,2017-02-28,Adams,2
40,2017-02-28,Asotin,4
41,2017-02-28,Benton,134
42,2017-02-28,Chelan,55
43,2017-02-28,Clallam,75
44,2017-02-28,Clark,695
45,2017-02-28,Columbia,0
46,2017-02-28,Cowlitz,50
47,2017-02-28,Douglas,30
48,2017-02-28,Ferry,2
49,2017-02-28,Franklin,26
50,2017-02-28,Garfield,0
51,2017-02-28,Grant,16
52,2017-02-28,Grays Harbor,27
53,2017-02-28,Island,100
54,2017-02-28,Jefferson,89
55,2017-02-28,King,9104
56,2017-02-28,Kitsap,562
57,2017-02-28,Kittitas,15
58,2017-02-28,Klickitat,20
59,2017-02-28,Lewis,45
60,2017-02-28,Lincoln,2
61,2017-02-28,Mason,47
62,2017-02-28,Okanogan,3
63,2017-02-28,Pacific,5
64,2017-02-28,Pend Oreille,1
65,2017-02-28,Pierce,862
66,2017-02-28,San Juan,88
67,2017-02-28,Skagit,114
68,2017-02-28,Skamania,7
69,2017-02-28,Snohomish,1605
70,2017-02-28,Spokane,227
71,2017-02-28,Stevens,6
72,2017-02-28,Thurston,351
73,2017-02-28,Wahkiakum,0
74,2017-02-28,Walla Walla,17
75,2017-02-28,Whatcom,403
76,2017-02-28,Whitman,8
77,2017-02-28,Yakima,36
78,2017-03-31,Adams,2
79,2017-03-31,Asotin,5
80,2017-03-31,Benton,140
81,2017-03-31,Chelan,55
82,2017-03-31,Clallam,77
83,2017-03-31,Clark,718
84,2017-03-31,Columbia,0
85,2017-03-31,Cowlitz,51
86,2017-03-31,Douglas,29
87,2017-03-31,Ferry,2
88,2017-03-31,Franklin,26
89,2017-03-31,Garfield,0
90,2017-03-31,Grant,17
91,2017-03-31,Grays Harbor,27
92,2017-03-31,Island,105
93,2017-03-31,Jefferson,94
94,2017-03-31,King,9323
95,2017-03-31,Kitsap,573
96,2017-03-31,Kittitas,17
97,2017-03-31,Klickitat,21
98,2017-03-31,Lewis,45
99,2017-03-31,Lincoln,2
100,2017-03-31,Mason,50
101,2017-03-31,Okanogan,3
102,2017-03-31,Pacific,6
103,2017-03-31,Pend Oreille,1
104,2017-03-31,Pierce,876
105,2017-03-31,San Juan,88
106,2017-03-31,Skagit,119
107,2017-03-31,Skamania,8
108,2017-03-31,Snohomish,1657
109,2017-03-31,Spokane,233
110,2017-03-31,Stevens,6
111,2017-03-31,Thurston,365
112,2017-03-31,Wahkiakum,0
113,2017-03-31,Walla Walla,20
114,2017-03-31,Whatcom,418
115,2017-03-31,Whitman,9
116,2017-03-31,Yakima,36
117,2017-04-30,Adams,2
118,2017-04-30,Asotin,6
119,2017-04-30,Benton,143
120,2017-04-30,Chelan,55
121,2017-04-30,Clallam,80
122,2017-04-30,Clark,755
123,2017-04-30,Columbia,0
124,2017-04-30,Cowlitz,52
125,2017-04-30,Douglas,31
126,2017-04-30,Ferry,2
127,2017-04-30,Franklin,27
128,2017-04-30,Garfield,0
129,2017-04-30,Grant,18
130,2017-04-30,Grays Harbor,29
131,2017-04-30,Island,108
132,2017-04-30,Jefferson,98
133,2017-04-30,King,9564
134,2017-04-30,Kitsap,585
135,2017-04-30,Kittitas,21
136,2017-04-30,Klickitat,22
137,2017-04-30,Lewis,46
138,2017-04-30,Lincoln,2
139,2017-04-30,Mason,49
140,2017-04-30,Okanogan,3
141,2017-04-30,Pacific,9
142,2017-04-30,Pend Oreille,1
143,2017-04-30,Pierce,917
144,2017-04-30,San Juan,98
145,2017-04-30,Skagit,124
146,2017-04-30,Skamania,9
147,2017-04-30,Snohomish,1710
148,2017-04-30,Spokane,237
149,2017-04-30,Stevens,8
150,2017-04-30,Thurston,385
151,2017-04-30,Wahkiakum,0
152,2017-04-30,Walla Walla,22
153,2017-04-30,Whatcom,443
154,2017-04-30,Whitman,9
155,2017-04-30,Yakima,38
156,2017-05-31,Adams,2
157,2017-05-31,Asotin,6
158,2017-05-31,Benton,146
159,2017-05-31,Chelan,60
160,2017-05-31,Clallam,84
161,2017-05-31,Clark,770
162,2017-05-31,Columbia,0
163,2017-05-31,Cowlitz,52
164,2017-05-31,Douglas,32
165,2017-05-31,Ferry,1
166,2017-05-31,Franklin,28
167,2017-05-31,Garfield,0
168,2017-05-31,Grant,20
169,2017-05-31,Grays Harbor,31
170,2017-05-31,Island,113
171,2017-05-31,Jefferson,103
172,2017-05-31,King,9802
173,2017-05-31,Kitsap,596
174,2017-05-31,Kittitas,22
175,2017-05-31,Klickitat,22
176,2017-05-31,Lewis,49
177,2017-05-31,Lincoln,2
178,2017-05-31,Mason,51
179,2017-05-31,Okanogan,3
180,2017-05-31,Pacific,9
181,2017-05-31,Pend Oreille,2
182,2017-05-31,Pierce,933
183,2017-05-31,San Juan,104
184,2017-05-31,Skagit,135
185,2017-05-31,Skamania,9
186,2017-05-31,Snohomish,1740
187,2017-05-31,Spokane,246
188,2017-05-31,Stevens,8
189,2017-05-31,Thurston,390
190,2017-05-31,Wahkiakum,0
191,2017-05-31,Walla Walla,23
192,2017-05-31,Whatcom,457
193,2017-05-31,Whitman,10
194,2017-05-31,Yakima,42
195,2017-06-30,Adams,2
196,2017-06-30,Asotin,6
197,2017-06-30,Benton,148
198,2017-06-30,Chelan,67
199,2017-06-30,Clallam,90
200,2017-06-30,Clark,787
201,2017-06-30,Columbia,1
202,2017-06-30,Cowlitz,50
203,2017-06-30,Douglas,34
204,2017-06-30,Ferry,1
205,2017-06-30,Franklin,26
206,2017-06-30,Garfield,0
207,2017-06-30,Grant,20
208,2017-06-30,Grays Harbor,35
209,2017-06-30,Island,117
210,2017-06-30,Jefferson,104
211,2017-06-30,King,10033
212,2017-06-30,Kitsap,606
213,2017-06-30,Kittitas,21
214,2017-06-30,Klickitat,23
215,2017-06-30,Lewis,51
216,2017-06-30,Lincoln,2
217,2017-06-30,Mason,56
218,2017-06-30,Okanogan,4
219,2017-06-30,Pacific,10
220,2017-06-30,Pend Oreille,3
221,2017-06-30,Pierce,956
222,2017-06-30,San Juan,107
223,2017-06-30,Skagit,141
224,2017-06-30,Skamania,9
225,2017-06-30,Snohomish,1794
226,2017-06-30,Spokane,254
227,2017-06-30,Stevens,8
228,2017-06-30,Thurston,398
229,2017-06-30,Wahkiakum,0
230,2017-06-30,Walla Walla,25
231,2017-06-30,Whatcom,464
232,2017-06-30,Whitman,10
233,2017-06-30,Yakima,45
234,2017-07-31,Adams,3
235,2017-07-31,Asotin,8
236,2017-07-31,Benton,155
237,2017-07-31,Chelan,68
238,2017-07-31,Clallam,93
239,2017-07-31,Clark,795
240,2017-07-31,Columbia,1
241,2017-07-31,Cowlitz,52
242,2017-07-31,Douglas,35
243,2017-07-31,Ferry,1
244,2017-07-31,Franklin,26
245,2017-07-31,Garfield,0
246,2017-07-31,Grant,19
247,2017-07-31,Grays Harbor,36
248,2017-07-31,Island,121
249,2017-07-31,Jefferson,107
250,2017-07-31,King,10260
251,2017-07-31,Kitsap,623
252,2017-07-31,Kittitas,24
253,2017-07-31,Klickitat,23
254,2017-07-31,Lewis,52
255,2017-07-31,Lincoln,2
256,2017-07-31,Mason,57
257,2017-07-31,Okanogan,4
258,2017-07-31,Pacific,10
259,2017-07-31,Pend Oreille,3
260,2017-07-31,Pierce,986
261,2017-07-31,San Juan,112
262,2017-07-31,Skagit,142
263,2017-07-31,Skamania,9
264,2017-07-31,Snohomish,1819
265,2017-07-31,Spokane,263
266,2017-07-31,Stevens,8
267,2017-07-31,Thurston,418
268,2017-07-31,Wahkiakum,0
269,2017-07-31,Walla Walla,27
270,2017-07-31,Whatcom,476
271,2017-07-31,Whitman,12
272,2017-07-31,Yakima,49
273,2017-08-31,Adams,3
274,2017-08-31,Asotin,8
275,2017-08-31,Benton,161
276,2017-08-31,Chelan,72
277,2017-08-31,Clallam,96
278,2017-08-31,Clark,794
279,2017-08-31,Columbia,1
280,2017-08-31,Cowlitz,50
281,2017-08-31,Douglas,35
282,2017-08-31,Ferry,1
283,2017-08-31,Franklin,27
284,2017-08-31,Garfield,1
285,2017-08-31,Grant,19
286,2017-08-31,Grays Harbor,37
287,2017-08-31,Island,124
288,2017-08-31,Jefferson,112
289,2017-08-31,King,10445
290,2017-08-31,Kitsap,638
291,2017-08-31,Kittitas,27
292,2017-08-31,Klickitat,22
293,2017-08-31,Lewis,55
294,2017-08-31,Lincoln,1
295,2017-08-31,Mason,59
296,2017-08-31,Okanogan,4
297,2017-08-31,Pacific,10
298,2017-08-31,Pend Oreille,3
299,2017-08-31,Pierce,999
300,2017-08-31,San Juan,113
301,2017-08-31,Skagit,141
302,2017-08-31,Skamania,10
303,2017-08-31,Snohomish,1848
304,2017-08-31,Spokane,269
305,2017-08-31,Stevens,8
306,2017-08-31,Thurston,421
307,2017-08-31,Wahkiakum,0
308,2017-08-31,Walla Walla,27
309,2017-08-31,Whatcom,483
310,2017-08-31,Whitman,11
311,2017-08-31,Yakima,54
312,2017-09-30,Adams,3
313,2017-09-30,Asotin,7
314,2017-09-30,Benton,163
315,2017-09-30,Chelan,75
316,2017-09-30,Clallam,95
317,2017-09-30,Clark,810
318,2017-09-30,Columbia,1
319,2017-09-30,Cowlitz,52
320,2017-09-30,Douglas,35
321,2017-09-30,Ferry,1
322,2017-09-30,Franklin,29
323,2017-09-30,Garfield,1
324,2017-09-30,Grant,20
325,2017-09-30,Grays Harbor,38
326,2017-09-30,Island,129
327,2017-09-30,Jefferson,114
328,2017-09-30,King,10658
329,2017-09-30,Kitsap,654
330,2017-09-30,Kittitas,33
331,2017-09-30,Klickitat,23
332,2017-09-30,Lewis,53
333,2017-09-30,Lincoln,2
334,2017-09-30,Mason,61
335,2017-09-30,Okanogan,5
336,2017-09-30,Pacific,12
337,2017-09-30,Pend Oreille,3
338,2017-09-30,Pierce,1012
339,2017-09-30,San Juan,117
340,2017-09-30,Skagit,149
341,2017-09-30,Skamania,10
342,2017-09-30,Snohomish,1912
343,2017-09-30,Spokane,277
344,2017-09-30,Stevens,8
345,2017-09-30,Thurston,435
346,2017-09-30,Wahkiakum,0
347,2017-09-30,Walla Walla,27
348,2017-09-30,Whatcom,498
349,2017-09-30,Whitman,12
350,2017-09-30,Yakima,57
351,2017-10-31,Adams,3
352,2017-10-31,Asotin,7
353,2017-10-31,Benton,164
354,2017-10-31,Chelan,77
355,2017-10-31,Clallam,96
356,2017-10-31,Clark,829
357,2017-10-31,Columbia,1
358,2017-10-31,Cowlitz,54
359,2017-10-31,Douglas,36
360,2017-10-31,Ferry,1
361,2017-10-31,Franklin,31
362,2017-10-31,Garfield,1
363,2017-10-31,Grant,20
364,2017-10-31,Grays Harbor,38
365,2017-10-31,Island,138
366,2017-10-31,Jefferson,116
367,2017-10-31,King,10946
368,2017-10-31,Kitsap,662
369,2017-10-31,Kittitas,33
370,2017-10-31,Klickitat,23
371,2017-10-31,Lewis,53
372,2017-10-31,Lincoln,2
373,2017-10-31,Mason,61
374,2017-10-31,Okanogan,5
375,2017-10-31,Pacific,14
376,2017-10-31,Pend Oreille,3
377,2017-10-31,Pierce,1040
378,2017-10-31,San Juan,127
379,2017-10-31,Skagit,152
380,2017-10-31,Skamania,10
381,2017-10-31,Snohomish,1948
382,2017-10-31,Spokane,287
383,2017-10-31,Stevens,9
384,2017-10-31,Thurston,442
385,2017-10-31,Wahkiakum,0
386,2017-10-31,Walla Walla,28
387,2017-10-31,Whatcom,512
388,2017-10-31,Whitman,12
389,2017-10-31,Yakima,57
390,2017-11-30,Adams,3
391,2017-11-30,Asotin,7
392,2017-11-30,Benton,165
393,2017-11-30,Chelan,83
394,2017-11-30,Clallam,98
395,2017-11-30,Clark,840
396,2017-11-30,Columbia,2
397,2017-11-30,Cowlitz,54
398,2017-11-30,Douglas,37
399,2017-11-30,Ferry,1
400,2017-11-30,Franklin,31
401,2017-11-30,Garfield,1
402,2017-11-30,Grant,24
403,2017-11-30,Grays Harbor,42
404,2017-11-30,Island,147
405,2017-11-30,Jefferson,116
406,2017-11-30,King,11135
407,2017-11-30,Kitsap,677
408,2017-11-30,Kittitas,34
409,2017-11-30,Klickitat,24
410,2017-11-30,Lewis,53
411,2017-11-30,Lincoln,2
412,2017-11-30,Mason,63
413,2017-11-30,Okanogan,5
414,2017-11-30,Pacific,15
415,2017-11-30,Pend Oreille,3
416,2017-11-30,Pierce,1050
417,2017-11-30,San Juan,126
418,2017-11-30,Skagit,160
419,2017-11-30,Skamania,10
420,2017-11-30,Snohomish,1988
421,2017-11-30,Spokane,292
422,2017-11-30,Stevens,10
423,2017-11-30,Thurston,457
424,2017-11-30,Wahkiakum,0
425,2017-11-30,Walla Walla,29
426,2017-11-30,Whatcom,525
427,2017-11-30,Whitman,16
428,2017-11-30,Yakima,57
429,2017-12-31,Adams,4
430,2017-12-31,Asotin,8
431,2017-12-31,Benton,172
432,2017-12-31,Chelan,86
433,2017-12-31,Clallam,99
434,2017-12-31,Clark,851
435,2017-12-31,Columbia,2
436,2017-12-31,Cowlitz,54
437,2017-12-31,Douglas,38
438,2017-12-31,Ferry,1
439,2017-12-31,Franklin,30
440,2017-12-31,Garfield,1
441,2017-12-31,Grant,26
442,2017-12-31,Grays Harbor,42
443,2017-12-31,Island,155
444,2017-12-31,Jefferson,121
445,2017-12-31,King,11282
446,2017-12-31,Kitsap,694
447,2017-12-31,Kittitas,35
448,2017-12-31,Klickitat,24
449,2017-12-31,Lewis,54
450,2017-12-31,Lincoln,2
451,2017-12-31,Mason,66
452,2017-12-31,Okanogan,7
453,2017-12-31,Pacific,15
454,2017-12-31,Pend Oreille,3
455,2017-12-31,Pierce,1071
456,2017-12-31,San Juan,132
457,2017-12-31,Skagit,168
458,2017-12-31,Skamania,10
459,2017-12-31,Snohomish,2017
460,2017-12-31,Spokane,298
461,2017-12-31,Stevens,10
462,2017-12-31,Thurston,470
463,2017-12-31,Wahkiakum,0
464,2017-12-31,Walla Walla,29
465,2017-12-31,Whatcom,533
466,2017-12-31,Whitman,17
467,2017-12-31,Yakima,59
468,2018-01-31,Adams,4
469,2018-01-31,Asotin,8
470,2018-01-31,Benton,175
471,2018-01-31,Chelan,94
472,2018-01-31,Clallam,106
473,2018-01-31,Clark,873
474,2018-01-31,Columbia,2
475,2018-01-31,Cowlitz,54
476,2018-01-31,Douglas,43
477,2018-01-31,Ferry,1
478,2018-01-31,Franklin,31
479,2018-01-31,Garfield,1
480,2018-01-31,Grant,29
481,2018-01-31,Grays Harbor,42
482,2018-01-31,Island,159
483,2018-01-31,Jefferson,124
484,2018-01-31,King,11624
485,2018-01-31,Kitsap,707
486,2018-01-31,Kittitas,36
487,2018-01-31,Klickitat,24
488,2018-01-31,Lewis,52
489,2018-01-31,Lincoln,2
490,2018-01-31,Mason,65
491,2018-01-31,Okanogan,7
492,2018-01-31,Pacific,15
493,2018-01-31,Pend Oreille,4
494,2018-01-31,Pierce,1095
495,2018-01-31,San Juan,137
496,2018-01-31,Skagit,171
497,2018-01-31,Skamania,11
498,2018-01-31,Snohomish,2074
499,2018-01-31,Spokane,301
500,2018-01-31,Stevens,10
501,2018-01-31,Thurston,487
502,2018-01-31,Wahkiakum,0
503,2018-01-31,Walla Walla,30
504,2018-01-31,Whatcom,549
505,2018-01-31,Whitman,18
506,2018-01-31,Yakima,60
507,2018-02-28,Adams,5
508,2018-02-28,Asotin,8
509,2018-02-28,Benton,175
510,2018-02-28,Chelan,94
511,2018-02-28,Clallam,109
512,2018-02-28,Clark,888
513,2018-02-28,Columbia,2
514,2018-02-28,Cowlitz,54
515,2018-02-28,Douglas,43
516,2018-02-28,Ferry,1
517,2018-02-28,Franklin,32
518,2018-02-28,Garfield,1
519,2018-02-28,Grant,31
520,2018-02-28,Grays Harbor,42
521,2018-02-28,Island,165
522,2018-02-28,Jefferson,127
523,2018-02-28,King,11763
524,2018-02-28,Kitsap,717
525,2018-02-28,Kittitas,36
526,2018-02-28,Klickitat,25
527,2018-02-28,Lewis,52
528,2018-02-28,Lincoln,2
529,2018-02-28,Mason,64
530,2018-02-28,Okanogan,7
531,2018-02-28,Pacific,15
532,2018-02-28,Pend Oreille,4
533,2018-02-28,Pierce,1116
534,2018-02-28,San Juan,140
535,2018-02-28,Skagit,173
536,2018-02-28,Skamania,11
537,2018-02-28,Snohomish,2089
538,2018-02-28,Spokane,307
539,2018-02-28,Stevens,10
540,2018-02-28,Thurston,492
541,2018-02-28,Wahkiakum,0
542,2018-02-28,Walla Walla,31
543,2018-02-28,Whatcom,557
544,2018-02-28,Whitman,18
545,2018-02-28,Yakima,61
546,2018-03-31,Adams,5
547,2018-03-31,Asotin,8
548,2018-03-31,Benton,176
549,2018-03-31,Chelan,96
550,2018-03-31,Clallam,119
551,2018-03-31,Clark,918
552,2018-03-31,Columbia,2
553,2018-03-31,Cowlitz,55
554,2018-03-31,Douglas,42
555,2018-03-31,Ferry,1
556,2018-03-31,Franklin,34
557,2018-03-31,Garfield,1
558,2018-03-31,Grant,32
559,2018-03-31,Grays Harbor,45
560,2018-03-31,Island,175
561,2018-03-31,Jefferson,132
562,2018-03-31,King,11976
563,2018-03-31,Kitsap,741
564,2018-03-31,Kittitas,40
565,2018-03-31,Klickitat,26
566,2018-03-31,Lewis,55
567,2018-03-31,Lincoln,2
568,2018-03-31,Mason,68
569,2018-03-31,Okanogan,7
570,2018-03-31,Pacific,15
571,2018-03-31,Pend Oreille,4
572,2018-03-31,Pierce,1126
573,2018-03-31,San Juan,140
574,2018-03-31,Skagit,174
575,2018-03-31,Skamania,12
576,2018-03-31,Snohomish,2134
577,2018-03-31,Spokane,305
578,2018-03-31,Stevens,9
579,2018-03-31,Thurston,518
580,2018-03-31,Wahkiakum,1
581,2018-03-31,Walla Walla,32
582,2018-03-31,Whatcom,576
583,2018-03-31,Whitman,18
584,2018-03-31,Yakima,63
585,2018-04-30,Adams,5
586,2018-04-30,Asotin,8
587,2018-04-30,Benton,178
588,2018-04-30,Chelan,98
589,2018-04-30,Clallam,117
590,2018-04-30,Clark,943
591,2018-04-30,Columbia,2
592,2018-04-30,Cowlitz,55
593,2018-04-30,Douglas,41
594,2018-04-30,Ferry,2
595,2018-04-30,Franklin,37
596,2018-04-30,Garfield,1
597,2018-04-30,Grant,31
598,2018-04-30,Grays Harbor,47
599,2018-04-30,Island,184
600,2018-04-30,Jefferson,134
601,2018-04-30,King,12289
602,2018-04-30,Kitsap,743
603,2018-04-30,Kittitas,40
604,2018-04-30,Klickitat,25
605,2018-04-30,Lewis,78
606,2018-04-30,Lincoln,2
607,2018-04-30,Mason,71
608,2018-04-30,Okanogan,8
609,2018-04-30,Pacific,14
610,2018-04-30,Pend Oreille,4
611,2018-04-30,Pierce,1154
612,2018-04-30,San Juan,141
613,2018-04-30,Skagit,183
614,2018-04-30,Skamania,12
615,2018-04-30,Snohomish,2190
616,2018-04-30,Spokane,319
617,2018-04-30,Stevens,10
618,2018-04-30,Thurston,523
619,2018-04-30,Wahkiakum,1
620,2018-04-30,Walla Walla,34
621,2018-04-30,Whatcom,595
622,2018-04-30,Whitman,20
623,2018-04-30,Yakima,62
624,2018-05-31,Adams,5
625,2018-05-31,Asotin,8
626,2018-05-31,Benton,188
627,2018-05-31,Chelan,103
628,2018-05-31,Clallam,119
629,2018-05-31,Clark,963
630,2018-05-31,Columbia,2
631,2018-05-31,Cowlitz,58
632,2018-05-31,Douglas,44
633,2018-05-31,Ferry,2
634,2018-05-31,Franklin,38
635,2018-05-31,Garfield,1
636,2018-05-31,Grant,30
637,2018-05-31,Grays Harbor,50
638,2018-05-31,Island,187
639,2018-05-31,Jefferson,138
640,2018-05-31,King,12749
641,2018-05-31,Kitsap,781
642,2018-05-31,Kittitas,44
643,2018-05-31,Klickitat,26
644,2018-05-31,Lewis,78
645,2018-05-31,Lincoln,2
646,2018-05-31,Mason,77
647,2018-05-31,Okanogan,8
648,2018-05-31,Pacific,16
649,2018-05-31,Pend Oreille,4
650,2018-05-31,Pierce,1185
651,2018-05-31,San Juan,141
652,2018-05-31,Skagit,199
653,2018-05-31,Skamania,12
654,2018-05-31,Snohomish,2282
655,2018-05-31,Spokane,325
656,2018-05-31,Stevens,11
657,2018-05-31,Thurston,548
658,2018-05-31,Wahkiakum,1
659,2018-05-31,Walla Walla,34
660,2018-05-31,Whatcom,614
661,2018-05-31,Whitman,19
662,2018-05-31,Yakima,62
663,2018-06-30,Adams,5
664,2018-06-30,Asotin,9
665,2018-06-30,Benton,192
666,2018-06-30,Chelan,110
667,2018-06-30,Clallam,124
668,2018-06-30,Clark,1009
669,2018-06-30,Columbia,2
670,2018-06-30,Cowlitz,55
671,2018-06-30,Douglas,43
672,2018-06-30,Ferry,3
673,2018-06-30,Franklin,39
674,2018-06-30,Garfield,1
675,2018-06-30,Grant,31
676,2018-06-30,Grays Harbor,52
677,2018-06-30,Island,197
678,2018-06-30,Jefferson,144
679,2018-06-30,King,13173
680,2018-06-30,Kitsap,797
681,2018-06-30,Kittitas,47
682,2018-06-30,Klickitat,25
683,2018-06-30,Lewis,80
684,2018-06-30,Lincoln,2
685,2018-06-30,Mason,82
686,2018-06-30,Okanogan,9
687,2018-06-30,Pacific,17
688,2018-06-30,Pend Oreille,5
689,2018-06-30,Pierce,1228
690,2018-06-30,San Juan,145
691,2018-06-30,Skagit,207
692,2018-06-30,Skamania,11
693,2018-06-30,Snohomish,2350
694,2018-06-30,Spokane,341
695,2018-06-30,Stevens,11
696,2018-06-30,Thurston,572
697,2018-06-30,Wahkiakum,1
698,2018-06-30,Walla Walla,34
699,2018-06-30,Whatcom,633
700,2018-06-30,Whitman,19
701,2018-06-30,Yakima,60
702,2018-07-31,Adams,5
703,2018-07-31,Asotin,11
704,2018-07-31,Benton,193
705,2018-07-31,Chelan,112
706,2018-07-31,Clallam,127
707,2018-07-31,Clark,1042
708,2018-07-31,Columbia,2
709,2018-07-31,Cowlitz,57
710,2018-07-31,Douglas,43
711,2018-07-31,Ferry,3
712,2018-07-31,Franklin,38
713,2018-07-31,Garfield,1
714,2018-07-31,Grant,33
715,2018-07-31,Grays Harbor,54
716,2018-07-31,Island,206
717,2018-07-31,Jefferson,147
718,2018-07-31,King,13485
719,2018-07-31,Kitsap,810
720,2018-07-31,Kittitas,48
721,2018-07-31,Klickitat,24
722,2018-07-31,Lewis,83
723,2018-07-31,Lincoln,3
724,2018-07-31,Mason,87
725,2018-07-31,Okanogan,9
726,2018-07-31,Pacific,19
727,2018-07-31,Pend Oreille,5
728,2018-07-31,Pierce,1262
729,2018-07-31,San Juan,149
730,2018-07-31,Skagit,216
731,2018-07-31,Skamania,13
732,2018-07-31,Snohomish,2405
733,2018-07-31,Spokane,348
734,2018-07-31,Stevens,11
735,2018-07-31,Thurston,577
736,2018-07-31,Wahkiakum,1
737,2018-07-31,Walla Walla,34
738,2018-07-31,Whatcom,639
739,2018-07-31,Whitman,19
740,2018-07-31,Yakima,65
741,2018-08-31,Adams,5
742,2018-08-31,Asotin,11
743,2018-08-31,Benton,189
744,2018-08-31,Chelan,114
745,2018-08-31,Clallam,128
746,2018-08-31,Clark,1069
747,2018-08-31,Columbia,2
748,2018-08-31,Cowlitz,62
749,2018-08-31,Douglas,45
750,2018-08-31,Ferry,2
751,2018-08-31,Franklin,36
752,2018-08-31,Garfield,1
753,2018-08-31,Grant,34
754,2018-08-31,Grays Harbor,54
755,2018-08-31,Island,216
756,2018-08-31,Jefferson,152
757,2018-08-31,King,13807
758,2018-08-31,Kitsap,829
759,2018-08-31,Kittitas,51
760,2018-08-31,Klickitat,24
761,2018-08-31,Lewis,83
762,2018-08-31,Lincoln,3
763,2018-08-31,Mason,92
764,2018-08-31,Okanogan,10
765,2018-08-31,Pacific,19
766,2018-08-31,Pend Oreille,5
767,2018-08-31,Pierce,1303
768,2018-08-31,San Juan,152
769,2018-08-31,Skagit,221
770,2018-08-31,Skamania,14
771,2018-08-31,Snohomish,2472
772,2018-08-31,Spokane,361
773,2018-08-31,Stevens,12
774,2018-08-31,Thurston,603
775,2018-08-31,Wahkiakum,1
776,2018-08-31,Walla Walla,34
777,2018-08-31,Whatcom,655
778,2018-08-31,Whitman,20
779,2018-08-31,Yakima,67
780,2018-09-30,Adams,5
781,2018-09-30,Asotin,11
782,2018-09-30,Benton,188
783,2018-09-30,Chelan,117
784,2018-09-30,Clallam,129
785,2018-09-30,Clark,1089
786,2018-09-30,Columbia,2
787,2018-09-30,Cowlitz,63
788,2018-09-30,Douglas,48
789,2018-09-30,Ferry,2
790,2018-09-30,Franklin,37
791,2018-09-30,Garfield,1
792,2018-09-30,Grant,33
793,2018-09-30,Grays Harbor,55
794,2018-09-30,Island,227
795,2018-09-30,Jefferson,153
796,2018-09-30,King,14209
797,2018-09-30,Kitsap,842
798,2018-09-30,Kittitas,55
799,2018-09-30,Klickitat,24
800,2018-09-30,Lewis,84
801,2018-09-30,Lincoln,2
802,2018-09-30,Mason,94
803,2018-09-30,Okanogan,10
804,2018-09-30,Pacific,18
805,2018-09-30,Pend Oreille,5
806,2018-09-30,Pierce,1325
807,2018-09-30,San Juan,161
808,2018-09-30,Skagit,223
809,2018-09-30,Skamania,15
810,2018-09-30,Snohomish,2517
811,2018-09-30,Spokane,360
812,2018-09-30,Stevens,13
813,2018-09-30,Thurston,621
814,2018-09-30,Wahkiakum,1
815,2018-09-30,Walla Walla,36
816,2018-09-30,Whatcom,668
817,2018-09-30,Whitman,20
818,2018-09-30,Yakima,67
819,2018-10-31,Adams,5
820,2018-10-31,Asotin,12
821,2018-10-31,Benton,192
822,2018-10-31,Chelan,126
823,2018-10-31,Clallam,136
824,2018-10-31,Clark,1149
825,2018-10-31,Columbia,2
826,2018-10-31,Cowlitz,69
827,2018-10-31,Douglas,47
828,2018-10-31,Ferry,3
829,2018-10-31,Franklin,35
830,2018-10-31,Garfield,1
831,2018-10-31,Grant,32
832,2018-10-31,Grays Harbor,60
833,2018-10-31,Island,244
834,2018-10-31,Jefferson,163
835,2018-10-31,King,15038
836,2018-10-31,Kitsap,880
837,2018-10-31,Kittitas,57
838,2018-10-31,Klickitat,24
839,2018-10-31,Lewis,88
840,2018-10-31,Lincoln,2
841,2018-10-31,Mason,101
842,2018-10-31,Okanogan,15
843,2018-10-31,Pacific,19
844,2018-10-31,Pend Oreille,6
845,2018-10-31,Pierce,1405
846,2018-10-31,San Juan,169
847,2018-10-31,Skagit,241
848,2018-10-31,Skamania,18
849,2018-10-31,Snohomish,2638
850,2018-10-31,Spokane,383
851,2018-10-31,Stevens,14
852,2018-10-31,Thurston,663
853,2018-10-31,Wahkiakum,1
854,2018-10-31,Walla Walla,36
855,2018-10-31,Whatcom,702
856,2018-10-31,Whitman,19
857,2018-10-31,Yakima,71
858,2018-11-30,Adams,5
859,2018-11-30,Asotin,12
860,2018-11-30,Benton,210
861,2018-11-30,Chelan,135
862,2018-11-30,Clallam,147
863,2018-11-30,Clark,1188
864,2018-11-30,Columbia,2
865,2018-11-30,Cowlitz,69
866,2018-11-30,Douglas,49
867,2018-11-30,Ferry,3
868,2018-11-30,Franklin,38
869,2018-11-30,Garfield,1
870,2018-11-30,Grant,32
871,2018-11-30,Grays Harbor,61
872,2018-11-30,Island,266
873,2018-11-30,Jefferson,169
874,2018-11-30,King,15787
875,2018-11-30,Kitsap,916
876,2018-11-30,Kittitas,61
877,2018-11-30,Klickitat,23
878,2018-11-30,Lewis,89
879,2018-11-30,Lincoln,2
880,2018-11-30,Mason,103
881,2018-11-30,Okanogan,15
882,2018-11-30,Pacific,20
883,2018-11-30,Pend Oreille,5
884,2018-11-30,Pierce,1470
885,2018-11-30,San Juan,176
886,2018-11-30,Skagit,250
887,2018-11-30,Skamania,18
888,2018-11-30,Snohomish,2790
889,2018-11-30,Spokane,408
890,2018-11-30,Stevens,16
891,2018-11-30,Thurston,707
892,2018-11-30,Wahkiakum,1
893,2018-11-30,Walla Walla,38
894,2018-11-30,Whatcom,732
895,2018-11-30,Whitman,20
896,2018-11-30,Yakima,78
897,2018-12-31,Adams,5
898,2018-12-31,Asotin,12
899,2018-12-31,Benton,227
900,2018-12-31,Chelan,140
901,2018-12-31,Clallam,150
902,2018-12-31,Clark,1246
903,2018-12-31,Columbia,2
904,2018-12-31,Cowlitz,72
905,2018-12-31,Douglas,50
906,2018-12-31,Ferry,3
907,2018-12-31,Franklin,45
908,2018-12-31,Garfield,1
909,2018-12-31,Grant,32
910,2018-12-31,Grays Harbor,62
911,2018-12-31,Island,276
912,2018-12-31,Jefferson,168
913,2018-12-31,King,16283
914,2018-12-31,Kitsap,946
915,2018-12-31,Kittitas,66
916,2018-12-31,Klickitat,28
917,2018-12-31,Lewis,93
918,2018-12-31,Lincoln,2
919,2018-12-31,Mason,107
920,2018-12-31,Okanogan,16
921,2018-12-31,Pacific,21
922,2018-12-31,Pend Oreille,5
923,2018-12-31,Pierce,1509
924,2018-12-31,San Juan,183
925,2018-12-31,Skagit,260
926,2018-12-31,Skamania,16
927,2018-12-31,Snohomish,2915
928,2018-12-31,Spokane,439
929,2018-12-31,Stevens,16
930,2018-12-31,Thurston,739
931,2018-12-31,Wahkiakum,1
932,2018-12-31,Walla Walla,41
933,2018-12-31,Whatcom,759
934,2018-12-31,Whitman,24
935,2018-12-31,Yakima,82
936,2019-01-31,Adams,5
937,2019-01-31,Asotin,12
938,2019-01-31,Benton,232
939,2019-01-31,Chelan,140
940,2019-01-31,Clallam,152
941,2019-01-31,Clark,1313
942,2019-01-31,Columbia,2
943,2019-01-31,Cowlitz,79
944,2019-01-31,Douglas,51
945,2019-01-31,Ferry,3
946,2019-01-31,Franklin,49
947,2019-01-31,Garfield,1
948,2019-01-31,Grant,33
949,2019-01-31,Grays Harbor,67
950,2019-01-31,Island,288
951,2019-01-31,Jefferson,175
952,2019-01-31,King,17170
953,2019-01-31,Kitsap,981
954,2019-01-31,Kittitas,69
955,2019-01-31,Klickitat,29
956,2019-01-31,Lewis,95
957,2019-01-31,Lincoln,2
958,2019-01-31,Mason,108
959,2019-01-31,Okanogan,18
960,2019-01-31,Pacific,22
961,2019-01-31,Pend Oreille,5
962,2019-01-31,Pierce,1581
963,2019-01-31,San Juan,190
964,2019-01-31,Skagit,271
965,2019-01-31,Skamania,18
966,2019-01-31,Snohomish,3075
967,2019-01-31,Spokane,471
968,2019-01-31,Stevens,18
969,2019-01-31,Thurston,771
970,2019-01-31,Wahkiakum,1
971,2019-01-31,Walla Walla,42
972,2019-01-31,Whatcom,780
973,2019-01-31,Whitman,24
974,2019-01-31,Yakima,84
975,2019-02-28,Adams,4
976,2019-02-28,Asotin,12
977,2019-02-28,Benton,233
978,2019-02-28,Chelan,145
979,2019-02-28,Clallam,153
980,2019-02-28,Clark,1337
981,2019-02-28,Columbia,2
982,2019-02-28,Cowlitz,82
983,2019-02-28,Douglas,52
984,2019-02-28,Ferry,3
985,2019-02-28,Franklin,50
986,2019-02-28,Garfield,1
987,2019-02-28,Grant,33
988,2019-02-28,Grays Harbor,66
989,2019-02-28,Island,294
990,2019-02-28,Jefferson,179
991,2019-02-28,King,17531
992,2019-02-28,Kitsap,988
993,2019-02-28,Kittitas,73
994,2019-02-28,Klickitat,30
995,2019-02-28,Lewis,96
996,2019-02-28,Lincoln,3
997,2019-02-28,Mason,109
998,2019-02-28,Okanogan,19
999,2019-02-28,Pacific,22
1000,2019-02-28,Pend Oreille,5
1001,2019-02-28,Pierce,1611
1002,2019-02-28,San Juan,193
1003,2019-02-28,Skagit,279
1004,2019-02-28,Skamania,20
1005,2019-02-28,Snohomish,3146
1006,2019-02-28,Spokane,481
1007,2019-02-28,Stevens,18
1008,2019-02-28,Thurston,782
1009,2019-02-28,Wahkiakum,1
1010,2019-02-28,Walla Walla,43
1011,2019-02-28,Whatcom,787
1012,2019-02-28,Whitman,25
1013,2019-02-28,Yakima,86
1014,2019-03-31,Adams,4
1015,2019-03-31,Asotin,12
1016,2019-03-31,Benton,236
1017,2019-03-31,Chelan,144
1018,2019-03-31,Clallam,154
1019,2019-03-31,Clark,1358
1020,2019-03-31,Columbia,2
1021,2019-03-31,Cowlitz,84
1022,2019-03-31,Douglas,53
1023,2019-03-31,Ferry,3
1024,2019-03-31,Franklin,52
1025,2019-03-31,Garfield,1
1026,2019-03-31,Grant,34
1027,2019-03-31,Grays Harbor,69
1028,2019-03-31,Island,300
1029,2019-03-31,Jefferson,179
1030,2019-03-31,King,17681
1031,2019-03-31,Kitsap,997
1032,2019-03-31,Kittitas,71
1033,2019-03-31,Klickitat,32
1034,2019-03-31,Lewis,95
1035,2019-03-31,Lincoln,3
1036,2019-03-31,Mason,114
1037,2019-03-31,Okanogan,20
1038,2019-03-31,Pacific,23
1039,2019-03-31,Pend Oreille,5
1040,2019-03-31,Pierce,1635
1041,2019-03-31,San Juan,197
1042,2019-03-31,Skagit,282
1043,2019-03-31,Skamania,21
1044,2019-03-31,Snohomish,3195
1045,2019-03-31,Spokane,491
1046,2019-03-31,Stevens,18
1047,2019-03-31,Thurston,802
1048,2019-03-31,Wahkiakum,1
1049,2019-03-31,Walla Walla,44
1050,2019-03-31,Whatcom,794
1051,2019-03-31,Whitman,27
1052,2019-03-31,Yakima,89
1053,2019-04-30,Adams,5
1054,2019-04-30,Asotin,12
1055,2019-04-30,Benton,248
1056,2019-04-30,Chelan,147
1057,2019-04-30,Clallam,160
1058,2019-04-30,Clark,1414
1059,2019-04-30,Columbia,2
1060,2019-04-30,Cowlitz,89
1061,2019-04-30,Douglas,55
1062,2019-04-30,Ferry,4
1063,2019-04-30,Franklin,53
1064,2019-04-30,Garfield,1
1065,2019-04-30,Grant,35
1066,2019-04-30,Grays Harbor,70
1067,2019-04-30,Island,310
1068,2019-04-30,Jefferson,187
1069,2019-04-30,King,18279
1070,2019-04-30,Kitsap,1008
1071,2019-04-30,Kittitas,71
1072,2019-04-30,Klickitat,33
1073,2019-04-30,Lewis,95
1074,2019-04-30,Lincoln,3
1075,2019-04-30,Mason,117
1076,2019-04-30,Okanogan,20
1077,2019-04-30,Pacific,23
1078,2019-04-30,Pend Oreille,4
1079,2019-04-30,Pierce,1692
1080,2019-04-30,San Juan,204
1081,2019-04-30,Skagit,293
1082,2019-04-30,Skamania,21
1083,2019-04-30,Snohomish,3292
1084,2019-04-30,Spokane,512
1085,2019-04-30,Stevens,19
1086,2019-04-30,Thurston,821
1087,2019-04-30,Wahkiakum,1
1088,2019-04-30,Walla Walla,46
1089,2019-04-30,Whatcom,825
1090,2019-04-30,Whitman,29
1091,2019-04-30,Yakima,93
1092,2019-05-31,Adams,5
1093,2019-05-31,Asotin,12
1094,2019-05-31,Benton,253
1095,2019-05-31,Chelan,153
1096,2019-05-31,Clallam,167
1097,2019-05-31,Clark,1475
1098,2019-05-31,Columbia,2
1099,2019-05-31,Cowlitz,95
1100,2019-05-31,Douglas,56
1101,2019-05-31,Ferry,5
1102,2019-05-31,Franklin,52
1103,2019-05-31,Garfield,1
1104,2019-05-31,Grant,39
1105,2019-05-31,Grays Harbor,73
1106,2019-05-31,Island,315
1107,2019-05-31,Jefferson,191
1108,2019-05-31,King,18618
1109,2019-05-31,Kitsap,1035
1110,2019-05-31,Kittitas,72
1111,2019-05-31,Klickitat,35
1112,2019-05-31,Lewis,97
1113,2019-05-31,Lincoln,3
1114,2019-05-31,Mason,121
1115,2019-05-31,Okanogan,21
1116,2019-05-31,Pacific,24
1117,2019-05-31,Pend Oreille,4
1118,2019-05-31,Pierce,1751
1119,2019-05-31,San Juan,207
1120,2019-05-31,Skagit,293
1121,2019-05-31,Skamania,23
1122,2019-05-31,Snohomish,3372
1123,2019-05-31,Spokane,529
1124,2019-05-31,Stevens,20
1125,2019-05-31,Thurston,844
1126,2019-05-31,Wahkiakum,2
1127,2019-05-31,Walla Walla,46
1128,2019-05-31,Whatcom,839
1129,2019-05-31,Whitman,31
1130,2019-05-31,Yakima,94
1131,2019-06-30,Adams,5
1132,2019-06-30,Asotin,12
1133,2019-06-30,Benton,259
1134,2019-06-30,Chelan,157
1135,2019-06-30,Clallam,174
1136,2019-06-30,Clark,1538
1137,2019-06-30,Columbia,2
1138,2019-06-30,Cowlitz,98
1139,2019-06-30,Douglas,57
1140,2019-06-30,Ferry,5
1141,2019-06-30,Franklin,52
1142,2019-06-30,Garfield,1
1143,2019-06-30,Grant,41
1144,2019-06-30,Grays Harbor,73
1145,2019-06-30,Island,317
1146,2019-06-30,Jefferson,197
1147,2019-06-30,King,19082
1148,2019-06-30,Kitsap,1049
1149,2019-06-30,Kittitas,81
1150,2019-06-30,Klickitat,35
1151,2019-06-30,Lewis,99
1152,2019-06-30,Lincoln,2
1153,2019-06-30,Mason,124
1154,2019-06-30,Okanogan,22
1155,2019-06-30,Pacific,25
1156,2019-06-30,Pend Oreille,4
1157,2019-06-30,Pierce,1808
1158,2019-06-30,San Juan,212
1159,2019-06-30,Skagit,299
1160,2019-06-30,Skamania,23
1161,2019-06-30,Snohomish,3472
1162,2019-06-30,Spokane,539
1163,2019-06-30,Stevens,19
1164,2019-06-30,Thurston,875
1165,2019-06-30,Wahkiakum,2
1166,2019-06-30,Walla Walla,49
1167,2019-06-30,Whatcom,855
1168,2019-06-30,Whitman,31
1169,2019-06-30,Yakima,105
1170,2019-07-31,Adams,5
1171,2019-07-31,Asotin,12
1172,2019-07-31,Benton,270
1173,2019-07-31,Chelan,161
1174,2019-07-31,Clallam,178
1175,2019-07-31,Clark,1588
1176,2019-07-31,Columbia,2
1177,2019-07-31,Cowlitz,106
1178,2019-07-31,Douglas,60
1179,2019-07-31,Ferry,5
1180,2019-07-31,Franklin,53
1181,2019-07-31,Garfield,1
1182,2019-07-31,Grant,43
1183,2019-07-31,Grays Harbor,82
1184,2019-07-31,Island,328
1185,2019-07-31,Jefferson,202
1186,2019-07-31,King,19629
1187,2019-07-31,Kitsap,1092
1188,2019-07-31,Kittitas,79
1189,2019-07-31,Klickitat,35
1190,2019-07-31,Lewis,100
1191,2019-07-31,Lincoln,2
1192,2019-07-31,Mason,127
1193,2019-07-31,Okanogan,23
1194,2019-07-31,Pacific,24
1195,2019-07-31,Pend Oreille,4
1196,2019-07-31,Pierce,1877
1197,2019-07-31,San Juan,220
1198,2019-07-31,Skagit,308
1199,2019-07-31,Skamania,25
1200,2019-07-31,Snohomish,3555
1201,2019-07-31,Spokane,557
1202,2019-07-31,Stevens,19
1203,2019-07-31,Thurston,905
1204,2019-07-31,Wahkiakum,2
1205,2019-07-31,Walla Walla,52
1206,2019-07-31,Whatcom,885
1207,2019-07-31,Whitman,33
1208,2019-07-31,Yakima,109
1209,2019-08-31,Adams,5
1210,2019-08-31,Asotin,12
1211,2019-08-31,Benton,280
1212,2019-08-31,Chelan,165
1213,2019-08-31,Clallam,185
1214,2019-08-31,Clark,1647
1215,2019-08-31,Columbia,2
1216,2019-08-31,Cowlitz,107
1217,2019-08-31,Douglas,61
1218,2019-08-31,Ferry,5
1219,2019-08-31,Franklin,51
1220,2019-08-31,Garfield,0
1221,2019-08-31,Grant,45
1222,2019-08-31,Grays Harbor,88
1223,2019-08-31,Island,335
1224,2019-08-31,Jefferson,205
1225,2019-08-31,King,20008
1226,2019-08-31,Kitsap,1113
1227,2019-08-31,Kittitas,79
1228,2019-08-31,Klickitat,37
1229,2019-08-31,Lewis,105
1230,2019-08-31,Lincoln,2
1231,2019-08-31,Mason,130
1232,2019-08-31,Okanogan,25
1233,2019-08-31,Pacific,23
1234,2019-08-31,Pend Oreille,5
1235,2019-08-31,Pierce,1930
1236,2019-08-31,San Juan,225
1237,2019-08-31,Skagit,311
1238,2019-08-31,Skamania,25
1239,2019-08-31,Snohomish,3640
1240,2019-08-31,Spokane,575
1241,2019-08-31,Stevens,22
1242,2019-08-31,Thurston,927
1243,2019-08-31,Wahkiakum,2
1244,2019-08-31,Walla Walla,56
1245,2019-08-31,Whatcom,904
1246,2019-08-31,Whitman,34
1247,2019-08-31,Yakima,112
1248,2019-09-30,Adams,5
1249,2019-09-30,Asotin,12
1250,2019-09-30,Benton,291
1251,2019-09-30,Chelan,174
1252,2019-09-30,Clallam,186
1253,2019-09-30,Clark,1700
1254,2019-09-30,Columbia,3
1255,2019-09-30,Cowlitz,106
1256,2019-09-30,Douglas,62
1257,2019-09-30,Ferry,5
1258,2019-09-30,Franklin,51
1259,2019-09-30,Garfield,0
1260,2019-09-30,Grant,48
1261,2019-09-30,Grays Harbor,89
1262,2019-09-30,Island,346
1263,2019-09-30,Jefferson,207
1264,2019-09-30,King,20425
1265,2019-09-30,Kitsap,1135
1266,2019-09-30,Kittitas,81
1267,2019-09-30,Klickitat,38
1268,2019-09-30,Lewis,107
1269,2019-09-30,Lincoln,2
1270,2019-09-30,Mason,133
1271,2019-09-30,Okanogan,24
1272,2019-09-30,Pacific,25
1273,2019-09-30,Pend Oreille,6
1274,2019-09-30,Pierce,1966
1275,2019-09-30,San Juan,229
1276,2019-09-30,Skagit,316
1277,2019-09-30,Skamania,26
1278,2019-09-30,Snohomish,3739
1279,2019-09-30,Spokane,596
1280,2019-09-30,Stevens,27
1281,2019-09-30,Thurston,953
1282,2019-09-30,Wahkiakum,2
1283,2019-09-30,Walla Walla,59
1284,2019-09-30,Whatcom,924
1285,2019-09-30,Whitman,36
1286,2019-09-30,Yakima,112
1287,2019-10-31,Adams,6
1288,2019-10-31,Asotin,12
1289,2019-10-31,Benton,307
1290,2019-10-31,Chelan,191
1291,2019-10-31,Clallam,195
1292,2019-10-31,Clark,1782
1293,2019-10-31,Columbia,3
1294,2019-10-31,Cowlitz,112
1295,2019-10-31,Douglas,63
1296,2019-10-31,Ferry,5
1297,2019-10-31,Franklin,53
1298,2019-10-31,Garfield,0
1299,2019-10-31,Grant,55
1300,2019-10-31,Grays Harbor,95
1301,2019-10-31,Island,362
1302,2019-10-31,Jefferson,210
1303,2019-10-31,King,21371
1304,2019-10-31,Kitsap,1178
1305,2019-10-31,Kittitas,87
1306,2019-10-31,Klickitat,43
1307,2019-10-31,Lewis,108
1308,2019-10-31,Lincoln,2
1309,2019-10-31,Mason,140
1310,2019-10-31,Okanogan,24
1311,2019-10-31,Pacific,30
1312,2019-10-31,Pend Oreille,7
1313,2019-10-31,Pierce,2058
1314,2019-10-31,San Juan,236
1315,2019-10-31,Skagit,337
1316,2019-10-31,Skamania,25
1317,2019-10-31,Snohomish,3896
1318,2019-10-31,Spokane,616
1319,2019-10-31,Stevens,29
1320,2019-10-31,Thurston,1005
1321,2019-10-31,Wahkiakum,4
1322,2019-10-31,Walla Walla,62
1323,2019-10-31,Whatcom,951
1324,2019-10-31,Whitman,38
1325,2019-10-31,Yakima,116
1326,2019-11-30,Adams,6
1327,2019-11-30,Asotin,13
1328,2019-11-30,Benton,310
1329,2019-11-30,Chelan,196
1330,2019-11-30,Clallam,196
1331,2019-11-30,Clark,1806
1332,2019-11-30,Columbia,3
1333,2019-11-30,Cowlitz,114
1334,2019-11-30,Douglas,65
1335,2019-11-30,Ferry,5
1336,2019-11-30,Franklin,53
1337,2019-11-30,Garfield,0
1338,2019-11-30,Grant,53
1339,2019-11-30,Grays Harbor,99
1340,2019-11-30,Island,364
1341,2019-11-30,Jefferson,212
1342,2019-11-30,King,21602
1343,2019-11-30,Kitsap,1191
1344,2019-11-30,Kittitas,89
1345,2019-11-30,Klickitat,45
1346,2019-11-30,Lewis,109
1347,2019-11-30,Lincoln,1
1348,2019-11-30,Mason,140
1349,2019-11-30,Okanogan,27
1350,2019-11-30,Pacific,29
1351,2019-11-30,Pend Oreille,7
1352,2019-11-30,Pierce,2083
1353,2019-11-30,San Juan,243
1354,2019-11-30,Skagit,348
1355,2019-11-30,Skamania,26
1356,2019-11-30,Snohomish,3942
1357,2019-11-30,Spokane,631
1358,2019-11-30,Stevens,31
1359,2019-11-30,Thurston,1035
1360,2019-11-30,Wahkiakum,4
1361,2019-11-30,Walla Walla,64
1362,2019-11-30,Whatcom,966
1363,2019-11-30,Whitman,41
1364,2019-11-30,Yakima,118
1365,2019-12-31,Adams,6
1366,2019-12-31,Asotin,14
1367,2019-12-31,Benton,315
1368,2019-12-31,Chelan,201
1369,2019-12-31,Clallam,197
1370,2019-12-31,Clark,1843
1371,2019-12-31,Columbia,3
1372,2019-12-31,Cowlitz,118
1373,2019-12-31,Douglas,67
1374,2019-12-31,Ferry,5
1375,2019-12-31,Franklin,54
1376,2019-12-31,Garfield,0
1377,2019-12-31,Grant,55
1378,2019-12-31,Grays Harbor,105
1379,2019-12-31,Island,376
1380,2019-12-31,Jefferson,217
1381,2019-12-31,King,21955
1382,2019-12-31,Kitsap,1200
1383,2019-12-31,Kittitas,90
1384,2019-12-31,Klickitat,46
1385,2019-12-31,Lewis,106
1386,2019-12-31,Lincoln,1
1387,2019-12-31,Mason,142
1388,2019-12-31,Okanogan,30
1389,2019-12-31,Pacific,30
1390,2019-12-31,Pend Oreille,7
1391,2019-12-31,Pierce,2127
1392,2019-12-31,San Juan,253
1393,2019-12-31,Skagit,364
1394,2019-12-31,Skamania,26
1395,2019-12-31,Snohomish,4020
1396,2019-12-31,Spokane,643
1397,2019-12-31,Stevens,31
1398,2019-12-31,Thurston,1052
1399,2019-12-31,Wahkiakum,4
1400,2019-12-31,Walla Walla,63
1401,2019-12-31,Whatcom,989
1402,2019-12-31,Whitman,42
1403,2019-12-31,Yakima,117
1404,2020-01-31,Adams,7
1405,2020-01-31,Asotin,17
1406,2020-01-31,Benton,337
1407,2020-01-31,Chelan,213
1408,2020-01-31,Clallam,204
1409,2020-01-31,Clark,1940
1410,2020-01-31,Columbia,3
1411,2020-01-31,Cowlitz,127
1412,2020-01-31,Douglas,69
1413,2020-01-31,Ferry,5
1414,2020-01-31,Franklin,57
1415,2020-01-31,Garfield,0
1416,2020-01-31,Grant,58
1417,2020-01-31,Grays Harbor,105
1418,2020-01-31,Island,393
1419,2020-01-31,Jefferson,224
1420,2020-01-31,King,23200
1421,2020-01-31,Kitsap,1259
1422,2020-01-31,Kittitas,93
1423,2020-01-31,Klickitat,48
1424,2020-01-31,Lewis,109
1425,2020-01-31,Lincoln,1
1426,2020-01-31,Mason,150
1427,2020-01-31,Okanogan,32
1428,2020-01-31,Pacific,30
1429,2020-01-31,Pend Oreille,8
1430,2020-01-31,Pierce,2229
1431,2020-01-31,San Juan,265
1432,2020-01-31,Skagit,379
1433,2020-01-31,Skamania,29
1434,2020-01-31,Snohomish,4243
1435,2020-01-31,Spokane,684
1436,2020-01-31,Stevens,33
1437,2020-01-31,Thurston,1093
1438,2020-01-31,Wahkiakum,4
1439,2020-01-31,Walla Walla,65
1440,2020-01-31,Whatcom,1035
1441,2020-01-31,Whitman,42
1442,2020-01-31,Yakima,121
1443,2020-02-29,Adams,7
1444,2020-02-29,Asotin,16
1445,2020-02-29,Benton,338
1446,2020-02-29,Chelan,216
1447,2020-02-29,Clallam,207
1448,2020-02-29,Clark,1970
1449,2020-02-29,Columbia,3
1450,2020-02-29,Cowlitz,128
1451,2020-02-29,Douglas,69
1452,2020-02-29,Ferry,5
1453,2020-02-29,Franklin,58
1454,2020-02-29,Garfield,0
1455,2020-02-29,Grant,58
1456,2020-02-29,Grays Harbor,109
1457,2020-02-29,Island,402
1458,2020-02-29,Jefferson,230
1459,2020-02-29,King,23450
1460,2020-02-29,Kitsap,1274
1461,2020-02-29,Kittitas,94
1462,2020-02-29,Klickitat,49
1463,2020-02-29,Lewis,108
1464,2020-02-29,Lincoln,1
1465,2020-02-29,Mason,150
1466,2020-02-29,Okanogan,34
1467,2020-02-29,Pacific,30
1468,2020-02-29,Pend Oreille,8
1469,2020-02-29,Pierce,2253
1470,2020-02-29,San Juan,279
1471,2020-02-29,Skagit,380
1472,2020-02-29,Skamania,28
1473,2020-02-29,Snohomish,4301
1474,2020-02-29,Spokane,696
1475,2020-02-29,Stevens,33
1476,2020-02-29,Thurston,1109
1477,2020-02-29,Wahkiakum,5
1478,2020-02-29,Walla Walla,68
1479,2020-02-29,Whatcom,1045
1480,2020-02-29,Whitman,42
1481,2020-02-29,Yakima,123
1482,2020-03-31,Adams,7
1483,2020-03-31,Asotin,16
1484,2020-03-31,Benton,344
1485,2020-03-31,Chelan,220
1486,2020-03-31,Clallam,215
1487,2020-03-31,Clark,1983
1488,2020-03-31,Columbia,3
1489,2020-03-31,Cowlitz,134
1490,2020-03-31,Douglas,71
1491,2020-03-31,Ferry,5
1492,2020-03-31,Franklin,58
1493,2020-03-31,Garfield,0
1494,2020-03-31,Grant,58
1495,2020-03-31,Grays Harbor,107
1496,2020-03-31,Island,407
1497,2020-03-31,Jefferson,234
1498,2020-03-31,King,23887
1499,2020-03-31,Kitsap,1298
1500,2020-03-31,Kittitas,98
1501,2020-03-31,Klickitat,51
1502,2020-03-31,Lewis,105
1503,2020-03-31,Lincoln,2
1504,2020-03-31,Mason,153
1505,2020-03-31,Okanogan,34
1506,2020-03-31,Pacific,29
1507,2020-03-31,Pend Oreille,8
1508,2020-03-31,Pierce,2310
1509,2020-03-31,San Juan,291
1510,2020-03-31,Skagit,392
1511,2020-03-31,Skamania,29
1512,2020-03-31,Snohomish,4369
1513,2020-03-31,Spokane,704
1514,2020-03-31,Stevens,33
1515,2020-03-31,Thurston,1131
1516,2020-03-31,Wahkiakum,6
1517,2020-03-31,Walla Walla,68
1518,2020-03-31,Whatcom,1060
1519,2020-03-31,Whitman,42
1520,2020-03-31,Yakima,125
1521,2020-04-30,Adams,7
1522,2020-04-30,Asotin,16
1523,2020-04-30,Benton,348
1524,2020-04-30,Chelan,224
1525,2020-04-30,Clallam,220
1526,2020-04-30,Clark,1992
1527,2020-04-30,Columbia,3
1528,2020-04-30,Cowlitz,136
1529,2020-04-30,Douglas,69
1530,2020-04-30,Ferry,5
1531,2020-04-30,Franklin,58
1532,2020-04-30,Garfield,0
1533,2020-04-30,Grant,59
1534,2020-04-30,Grays Harbor,106
1535,2020-04-30,Island,406
1536,2020-04-30,Jefferson,234
1537,2020-04-30,King,24088
1538,2020-04-30,Kitsap,1313
1539,2020-04-30,Kittitas,101
1540,2020-04-30,Klickitat,53
1541,2020-04-30,Lewis,99
1542,2020-04-30,Lincoln,4
1543,2020-04-30,Mason,155
1544,2020-04-30,Okanogan,34
1545,2020-04-30,Pacific,30
1546,2020-04-30,Pend Oreille,8
1547,2020-04-30,Pierce,2347
1548,2020-04-30,San Juan,295
1549,2020-04-30,Skagit,398
1550,2020-04-30,Skamania,29
1551,2020-04-30,Snohomish,4399
1552,2020-04-30,Spokane,711
1553,2020-04-30,Stevens,33
1554,2020-04-30,Thurston,1141
1555,2020-04-30,Wahkiakum,6
1556,2020-04-30,Walla Walla,69
1557,2020-04-30,Whatcom,1061
1558,2020-04-30,Whitman,44
1559,2020-04-30,Yakima,130
1560,2020-05-31,Adams,8
1561,2020-05-31,Asotin,16
1562,2020-05-31,Benton,354
1563,2020-05-31,Chelan,228
1564,2020-05-31,Clallam,223
1565,2020-05-31,Clark,2003
1566,2020-05-31,Columbia,4
1567,2020-05-31,Cowlitz,136
1568,2020-05-31,Douglas,69
1569,2020-05-31,Ferry,5
1570,2020-05-31,Franklin,58
1571,2020-05-31,Garfield,0
1572,2020-05-31,Grant,59
1573,2020-05-31,Grays Harbor,106
1574,2020-05-31,Island,410
1575,2020-05-31,Jefferson,233
1576,2020-05-31,King,24020
1577,2020-05-31,Kitsap,1312
1578,2020-05-31,Kittitas,102
1579,2020-05-31,Klickitat,53
1580,2020-05-31,Lewis,99
1581,2020-05-31,Lincoln,4
1582,2020-05-31,Mason,157
1583,2020-05-31,Okanogan,34
1584,2020-05-31,Pacific,31
1585,2020-05-31,Pend Oreille,7
1586,2020-05-31,Pierce,2351
1587,2020-05-31,San Juan,298
1588,2020-05-31,Skagit,401
1589,2020-05-31,Skamania,30
1590,2020-05-31,Snohomish,4401
1591,2020-05-31,Spokane,721
1592,2020-05-31,Stevens,34
1593,2020-05-31,Thurston,1136
1594,2020-05-31,Wahkiakum,6
1595,2020-05-31,Walla Walla,70
1596,2020-05-31,Whatcom,1063
1597,2020-05-31,Whitman,45
1598,2020-05-31,Yakima,132
1599,2020-06-30,Adams,9
1600,2020-06-30,Asotin,16
1601,2020-06-30,Benton,359
1602,2020-06-30,Chelan,231
1603,2020-06-30,Clallam,229
1604,2020-06-30,Clark,2014
1605,2020-06-30,Columbia,4
1606,2020-06-30,Cowlitz,138
1607,2020-06-30,Douglas,71
1608,2020-06-30,Ferry,5
1609,2020-06-30,Franklin,60
1610,2020-06-30,Garfield,0
1611,2020-06-30,Grant,59
1612,2020-06-30,Grays Harbor,106
1613,2020-06-30,Island,421
1614,2020-06-30,Jefferson,236
1615,2020-06-30,King,24112
1616,2020-06-30,Kitsap,1330
1617,2020-06-30,Kittitas,99
1618,2020-06-30,Klickitat,53
1619,2020-06-30,Lewis,102
1620,2020-06-30,Lincoln,5
1621,2020-06-30,Mason,159
1622,2020-06-30,Okanogan,36
1623,2020-06-30,Pacific,33
1624,2020-06-30,Pend Oreille,7
1625,2020-06-30,Pierce,2380
1626,2020-06-30,San Juan,302
1627,2020-06-30,Skagit,408
1628,2020-06-30,Skamania,31
1629,2020-06-30,Snohomish,4433
1630,2020-06-30,Spokane,730
1631,2020-06-30,Stevens,36
1632,2020-06-30,Thurston,1143
1633,2020-06-30,Wahkiakum,6
1634,2020-06-30,Walla Walla,73
1635,2020-06-30,Whatcom,1067
1636,2020-06-30,Whitman,44
1637,2020-06-30,Yakima,133
1638,2020-07-31,Adams,9
1639,2020-07-31,Asotin,16
1640,2020-07-31,Benton,373
1641,2020-07-31,Chelan,240
1642,2020-07-31,Clallam,238
1643,2020-07-31,Clark,2097
1644,2020-07-31,Columbia,4
1645,2020-07-31,Cowlitz,146
1646,2020-07-31,Douglas,75
1647,2020-07-31,Ferry,7
1648,2020-07-31,Franklin,65
1649,2020-07-31,Garfield,0
1650,2020-07-31,Grant,61
1651,2020-07-31,Grays Harbor,109
1652,2020-07-31,Island,431
1653,2020-07-31,Jefferson,249
1654,2020-07-31,King,24909
1655,2020-07-31,Kitsap,1377
1656,2020-07-31,Kittitas,104
1657,2020-07-31,Klickitat,56
1658,2020-07-31,Lewis,107
1659,2020-07-31,Lincoln,5
1660,2020-07-31,Mason,160
1661,2020-07-31,Okanogan,37
1662,2020-07-31,Pacific,33
1663,2020-07-31,Pend Oreille,7
1664,2020-07-31,Pierce,2467
1665,2020-07-31,San Juan,311
1666,2020-07-31,Skagit,424
1667,2020-07-31,Skamania,31
1668,2020-07-31,Snohomish,4581
1669,2020-07-31,Spokane,753
1670,2020-07-31,Stevens,37
1671,2020-07-31,Thurston,1175
1672,2020-07-31,Wahkiakum,6
1673,2020-07-31,Walla Walla,77
1674,2020-07-31,Whatcom,1094
1675,2020-07-31,Whitman,45
1676,2020-07-31,Yakima,140
1677,2020-08-31,Adams,9
1678,2020-08-31,Asotin,17
1679,2020-08-31,Benton,380
1680,2020-08-31,Chelan,248
1681,2020-08-31,Clallam,240
1682,2020-08-31,Clark,2135
1683,2020-08-31,Columbia,3
1684,2020-08-31,Cowlitz,152
1685,2020-08-31,Douglas,77
1686,2020-08-31,Ferry,7
1687,2020-08-31,Franklin,66
1688,2020-08-31,Garfield,0
1689,2020-08-31,Grant,66
1690,2020-08-31,Grays Harbor,111
1691,2020-08-31,Island,435
1692,2020-08-31,Jefferson,249
1693,2020-08-31,King,25175
1694,2020-08-31,Kitsap,1400
1695,2020-08-31,Kittitas,110
1696,2020-08-31,Klickitat,57
1697,2020-08-31,Lewis,112
1698,2020-08-31,Lincoln,5
1699,2020-08-31,Mason,162
1700,2020-08-31,Okanogan,40
1701,2020-08-31,Pacific,32
1702,2020-08-31,Pend Oreille,8
1703,2020-08-31,Pierce,2519
1704,2020-08-31,San Juan,320
1705,2020-08-31,Skagit,433
1706,2020-08-31,Skamania,31
1707,2020-08-31,Snohomish,4644
1708,2020-08-31,Spokane,781
1709,2020-08-31,Stevens,35
1710,2020-08-31,Thurston,1194
1711,2020-08-31,Wahkiakum,6
1712,2020-08-31,Walla Walla,81
1713,2020-08-31,Whatcom,1114
1714,2020-08-31,Whitman,46
1715,2020-08-31,Yakima,147
1716,2020-09-30,Adams,8
1717,2020-09-30,Asotin,17
1718,2020-09-30,Benton,394
1719,2020-09-30,Chelan,260
1720,2020-09-30,Clallam,246
1721,2020-09-30,Clark,2174
1722,2020-09-30,Columbia,4
1723,2020-09-30,Cowlitz,157
1724,2020-09-30,Douglas,79
1725,2020-09-30,Ferry,8
1726,2020-09-30,Franklin,68
1727,2020-09-30,Garfield,0
1728,2020-09-30,Grant,67
1729,2020-09-30,Grays Harbor,115
1730,2020-09-30,Island,445
1731,2020-09-30,Jefferson,257
1732,2020-09-30,King,25391
1733,2020-09-30,Kitsap,1426
1734,2020-09-30,Kittitas,113
1735,2020-09-30,Klickitat,58
1736,2020-09-30,Lewis,111
1737,2020-09-30,Lincoln,5
1738,2020-09-30,Mason,162
1739,2020-09-30,Okanogan,45
1740,2020-09-30,Pacific,32
1741,2020-09-30,Pend Oreille,8
1742,2020-09-30,Pierce,2575
1743,2020-09-30,San Juan,331
1744,2020-09-30,Skagit,448
1745,2020-09-30,Skamania,32
1746,2020-09-30,Snohomish,4693
1747,2020-09-30,Spokane,797
1748,2020-09-30,Stevens,35
1749,2020-09-30,Thurston,1211
1750,2020-09-30,Wahkiakum,6
1751,2020-09-30,Walla Walla,86
1752,2020-09-30,Whatcom,1143
1753,2020-09-30,Whitman,47
1754,2020-09-30,Yakima,155
1755,2020-10-31,Adams,8
1756,2020-10-31,Asotin,17
1757,2020-10-31,Benton,403
1758,2020-10-31,Chelan,265
1759,2020-10-31,Clallam,253
1760,2020-10-31,Clark,2212
1761,2020-10-31,Columbia,4
1762,2020-10-31,Cowlitz,160
1763,2020-10-31,Douglas,80
1764,2020-10-31,Ferry,8
1765,2020-10-31,Franklin,73
1766,2020-10-31,Garfield,0
1767,2020-10-31,Grant,71
1768,2020-10-31,Grays Harbor,118
1769,2020-10-31,Island,464
1770,2020-10-31,Jefferson,260
1771,2020-10-31,King,25878
1772,2020-10-31,Kitsap,1464
1773,2020-10-31,Kittitas,121
1774,2020-10-31,Klickitat,59
1775,2020-10-31,Lewis,114
1776,2020-10-31,Lincoln,5
1777,2020-10-31,Mason,165
1778,2020-10-31,Okanogan,47
1779,2020-10-31,Pacific,34
1780,2020-10-31,Pend Oreille,8
1781,2020-10-31,Pierce,2660
1782,2020-10-31,San Juan,340
1783,2020-10-31,Skagit,467
1784,2020-10-31,Skamania,32
1785,2020-10-31,Snohomish,4830
1786,2020-10-31,Spokane,827
1787,2020-10-31,Stevens,36
1788,2020-10-31,Thurston,1254
1789,2020-10-31,Wahkiakum,6
1790,2020-10-31,Walla Walla,86
1791,2020-10-31,Whatcom,1172
1792,2020-10-31,Whitman,50
1793,2020-10-31,Yakima,158
1794,2020-11-30,Adams,10
1795,2020-11-30,Asotin,17
1796,2020-11-30,Benton,426
1797,2020-11-30,Chelan,271
1798,2020-11-30,Clallam,263
1799,2020-11-30,Clark,2284
1800,2020-11-30,Columbia,4
1801,2020-11-30,Cowlitz,170
1802,2020-11-30,Douglas,82
1803,2020-11-30,Ferry,8
1804,2020-11-30,Franklin,78
1805,2020-11-30,Garfield,0
1806,2020-11-30,Grant,78
1807,2020-11-30,Grays Harbor,122
1808,2020-11-30,Island,480
1809,2020-11-30,Jefferson,276
1810,2020-11-30,King,26601
1811,2020-11-30,Kitsap,1520
1812,2020-11-30,Kittitas,125
1813,2020-11-30,Klickitat,62
1814,2020-11-30,Lewis,117
1815,2020-11-30,Lincoln,5
1816,2020-11-30,Mason,169
1817,2020-11-30,Okanogan,51
1818,2020-11-30,Pacific,36
1819,2020-11-30,Pend Oreille,9
1820,2020-11-30,Pierce,2759
1821,2020-11-30,San Juan,355
1822,2020-11-30,Skagit,482
1823,2020-11-30,Skamania,33
1824,2020-11-30,Snohomish,4955
1825,2020-11-30,Spokane,858
1826,2020-11-30,Stevens,36
1827,2020-11-30,Thurston,1290
1828,2020-11-30,Wahkiakum,6
1829,2020-11-30,Walla Walla,95
1830,2020-11-30,Whatcom,1206
1831,2020-11-30,Whitman,51
1832,2020-11-30,Yakima,167
1833,2020-12-31,Adams,10
1834,2020-12-31,Asotin,16
1835,2020-12-31,Benton,440
1836,2020-12-31,Chelan,278
1837,2020-12-31,Clallam,274
1838,2020-12-31,Clark,2356
1839,2020-12-31,Columbia,5
1840,2020-12-31,Cowlitz,177
1841,2020-12-31,Douglas,86
1842,2020-12-31,Ferry,9
1843,2020-12-31,Franklin,85
1844,2020-12-31,Garfield,0
1845,2020-12-31,Grant,80
1846,2020-12-31,Grays Harbor,127
1847,2020-12-31,Island,507
1848,2020-12-31,Jefferson,285
1849,2020-12-31,King,26918
1850,2020-12-31,Kitsap,1555
1851,2020-12-31,Kittitas,127
1852,2020-12-31,Klickitat,62
1853,2020-12-31,Lewis,123
1854,2020-12-31,Lincoln,5
1855,2020-12-31,Mason,173
1856,2020-12-31,Okanogan,55
1857,2020-12-31,Pacific,34
1858,2020-12-31,Pend Oreille,12
1859,2020-12-31,Pierce,2825
1860,2020-12-31,San Juan,365
1861,2020-12-31,Skagit,498
1862,2020-12-31,Skamania,33
1863,2020-12-31,Snohomish,5035
1864,2020-12-31,Spokane,885
1865,2020-12-31,Stevens,36
1866,2020-12-31,Thurston,1321
1867,2020-12-31,Wahkiakum,6
1868,2020-12-31,Walla Walla,98
1869,2020-12-31,Whatcom,1221
1870,2020-12-31,Whitman,51
1871,2020-12-31,Yakima,171
1872,2021-01-31,Adams,10
1873,2021-01-31,Asotin,16
1874,2021-01-31,Benton,453
1875,2021-01-31,Chelan,294
1876,2021-01-31,Clallam,282
1877,2021-01-31,Clark,2459
1878,2021-01-31,Columbia,5
1879,2021-01-31,Cowlitz,188
1880,2021-01-31,Douglas,84
1881,2021-01-31,Ferry,9
1882,2021-01-31,Franklin,89
1883,2021-01-31,Garfield,0
1884,2021-01-31,Grant,87
1885,2021-01-31,Grays Harbor,133
1886,2021-01-31,Island,527
1887,2021-01-31,Jefferson,290
1888,2021-01-31,King,27794
1889,2021-01-31,Kitsap,1606
1890,2021-01-31,Kittitas,134
1891,2021-01-31,Klickitat,63
1892,2021-01-31,Lewis,126
1893,2021-01-31,Lincoln,6
1894,2021-01-31,Mason,179
1895,2021-01-31,Okanogan,56
1896,2021-01-31,Pacific,35
1897,2021-01-31,Pend Oreille,12
1898,2021-01-31,Pierce,2963
1899,2021-01-31,San Juan,377
1900,2021-01-31,Skagit,518
1901,2021-01-31,Skamania,34
1902,2021-01-31,Snohomish,5177
1903,2021-01-31,Spokane,909
1904,2021-01-31,Stevens,37
1905,2021-01-31,Thurston,1350
1906,2021-01-31,Wahkiakum,7
1907,2021-01-31,Walla Walla,103
1908,2021-01-31,Whatcom,1256
1909,2021-01-31,Whitman,51
1910,2021-01-31,Yakima,179
1911,2021-02-28,Adams,10
1912,2021-02-28,Asotin,17
1913,2021-02-28,Benton,460
1914,2021-02-28,Chelan,301
1915,2021-02-28,Clallam,283
1916,2021-02-28,Clark,2505
1917,2021-02-28,Columbia,5
1918,2021-02-28,Cowlitz,194
1919,2021-02-28,Douglas,86
1920,2021-02-28,Ferry,10
1921,2021-02-28,Franklin,92
1922,2021-02-28,Garfield,0
1923,2021-02-28,Grant,90
1924,2021-02-28,Grays Harbor,142
1925,2021-02-28,Island,546
1926,2021-02-28,Jefferson,295
1927,2021-02-28,King,28231
1928,2021-02-28,Kitsap,1641
1929,2021-02-28,Kittitas,142
1930,2021-02-28,Klickitat,65
1931,2021-02-28,Lewis,127
1932,2021-02-28,Lincoln,6
1933,2021-02-28,Mason,177
1934,2021-02-28,Okanogan,56
1935,2021-02-28,Pacific,37
1936,2021-02-28,Pend Oreille,12
1937,2021-02-28,Pierce,3028
1938,2021-02-28,San Juan,383
1939,2021-02-28,Skagit,536
1940,2021-02-28,Skamania,37
1941,2021-02-28,Snohomish,5270
1942,2021-02-28,Spokane,922
1943,2021-02-28,Stevens,38
1944,2021-02-28,Thurston,1383
1945,2021-02-28,Wahkiakum,8
1946,2021-02-28,Walla Walla,105
1947,2021-02-28,Whatcom,1280
1948,2021-02-28,Whitman,53
1949,2021-02-28,Yakima,185
1950,2021-03-31,Adams,10
1951,2021-03-31,Asotin,17
1952,2021-03-31,Benton,466
1953,2021-03-31,Chelan,304
1954,2021-03-31,Clallam,300
1955,2021-03-31,Clark,2578
1956,2021-03-31,Columbia,5
1957,2021-03-31,Cowlitz,197
1958,2021-03-31,Douglas,86
1959,2021-03-31,Ferry,10
1960,2021-03-31,Franklin,100
1961,2021-03-31,Garfield,0
1962,2021-03-31,Grant,93
1963,2021-03-31,Grays Harbor,150
1964,2021-03-31,Island,556
1965,2021-03-31,Jefferson,302
1966,2021-03-31,King,28523
1967,2021-03-31,Kitsap,1674
1968,2021-03-31,Kittitas,146
1969,2021-03-31,Klickitat,65
1970,2021-03-31,Lewis,130
1971,2021-03-31,Lincoln,5
1972,2021-03-31,Mason,185
1973,2021-03-31,Okanogan,57
1974,2021-03-31,Pacific,39
1975,2021-03-31,Pend Oreille,12
1976,2021-03-31,Pierce,3125
1977,2021-03-31,San Juan,394
1978,2021-03-31,Skagit,540
1979,2021-03-31,Skamania,38
1980,2021-03-31,Snohomish,5384
1981,2021-03-31,Spokane,951
1982,2021-03-31,Stevens,38
1983,2021-03-31,Thurston,1432
1984,2021-03-31,Wahkiakum,9
1985,2021-03-31,Walla Walla,107
1986,2021-03-31,Whatcom,1302
1987,2021-03-31,Whitman,54
1988,2021-03-31,Yakima,189
1989,2021-04-30,Adams,11
1990,2021-04-30,Asotin,19
1991,2021-04-30,Benton,496
1992,2021-04-30,Chelan,314
1993,2021-04-30,Clallam,310
1994,2021-04-30,Clark,2681
1995,2021-04-30,Columbia,5
1996,2021-04-30,Cowlitz,211
1997,2021-04-30,Douglas,88
1998,2021-04-30,Ferry,10
1999,2021-04-30,Franklin,109
2000,2021-04-30,Garfield,0
2001,2021-04-30,Grant,102
2002,2021-04-30,Grays Harbor,156
2003,2021-04-30,Island,582
2004,2021-04-30,Jefferson,310
2005,2021-04-30,King,29461
2006,2021-04-30,Kitsap,1732
2007,2021-04-30,Kittitas,153
2008,2021-04-30,Klickitat,67
2009,2021-04-30,Lewis,146
2010,2021-04-30,Lincoln,5
2011,2021-04-30,Mason,191
2012,2021-04-30,Okanogan,60
2013,2021-04-30,Pacific,41
2014,2021-04-30,Pend Oreille,14
2015,2021-04-30,Pierce,3271
2016,2021-04-30,San Juan,406
2017,2021-04-30,Skagit,563
2018,2021-04-30,Skamania,40
2019,2021-04-30,Snohomish,5588
2020,2021-04-30,Spokane,999
2021,2021-04-30,Stevens,40
2022,2021-04-30,Thurston,1494
2023,2021-04-30,Wahkiakum,11
2024,2021-04-30,Walla Walla,108
2025,2021-04-30,Whatcom,1359
2026,2021-04-30,Whitman,59
2027,2021-04-30,Yakima,207
2028,2021-05-31,Adams,11
2029,2021-05-31,Asotin,19
2030,2021-05-31,Benton,504
2031,2021-05-31,Chelan,322
2032,2021-05-31,Clallam,322
2033,2021-05-31,Clark,2757
2034,2021-05-31,Columbia,6
2035,2021-05-31,Cowlitz,218
2036,2021-05-31,Douglas,92
2037,2021-05-31,Ferry,9
2038,2021-05-31,Franklin,117
2039,2021-05-31,Garfield,0
2040,2021-05-31,Grant,102
2041,2021-05-31,Grays Harbor,161
2042,2021-05-31,Island,599
2043,2021-05-31,Jefferson,322
2044,2021-05-31,King,30044
2045,2021-05-31,Kitsap,1795
2046,2021-05-31,Kittitas,155
2047,2021-05-31,Klickitat,66
2048,2021-05-31,Lewis,157
2049,2021-05-31,Lincoln,5
2050,2021-05-31,Mason,207
2051,2021-05-31,Okanogan,61
2052,2021-05-31,Pacific,43
2053,2021-05-31,Pend Oreille,14
2054,2021-05-31,Pierce,3381
2055,2021-05-31,San Juan,423
2056,2021-05-31,Skagit,578
2057,2021-05-31,Skamania,43
2058,2021-05-31,Snohomish,5729
2059,2021-05-31,Spokane,1029
2060,2021-05-31,Stevens,42
2061,2021-05-31,Thurston,1543
2062,2021-05-31,Wahkiakum,13
2063,2021-05-31,Walla Walla,110
2064,2021-05-31,Whatcom,1390
2065,2021-05-31,Whitman,60
2066,2021-05-31,Yakima,212
2067,2021-06-30,Adams,16
2068,2021-06-30,Asotin,20
2069,2021-06-30,Benton,518
2070,2021-06-30,Chelan,336
2071,2021-06-30,Clallam,330
2072,2021-06-30,Clark,2841
2073,2021-06-30,Columbia,6
2074,2021-06-30,Cowlitz,224
2075,2021-06-30,Douglas,93
2076,2021-06-30,Ferry,9
2077,2021-06-30,Franklin,123
2078,2021-06-30,Garfield,0
2079,2021-06-30,Grant,107
2080,2021-06-30,Grays Harbor,168
2081,2021-06-30,Island,617
2082,2021-06-30,Jefferson,331
2083,2021-06-30,King,30496
2084,2021-06-30,Kitsap,1850
2085,2021-06-30,Kittitas,160
2086,2021-06-30,Klickitat,70
2087,2021-06-30,Lewis,163
2088,2021-06-30,Lincoln,5
2089,2021-06-30,Mason,215
2090,2021-06-30,Okanogan,63
2091,2021-06-30,Pacific,45
2092,2021-06-30,Pend Oreille,14
2093,2021-06-30,Pierce,3469
2094,2021-06-30,San Juan,431
2095,2021-06-30,Skagit,590
2096,2021-06-30,Skamania,44
2097,2021-06-30,Snohomish,5886
2098,2021-06-30,Spokane,1068
2099,2021-06-30,Stevens,45
2100,2021-06-30,Thurston,1585
2101,2021-06-30,Wahkiakum,15
2102,2021-06-30,Walla Walla,113
2103,2021-06-30,Whatcom,1423
2104,2021-06-30,Whitman,58
2105,2021-06-30,Yakima,226
2106,2021-07-31,Adams,16
2107,2021-07-31,Asotin,21
2108,2021-07-31,Benton,540
2109,2021-07-31,Chelan,350
2110,2021-07-31,Clallam,342
2111,2021-07-31,Clark,2977
2112,2021-07-31,Columbia,6
2113,2021-07-31,Cowlitz,229
2114,2021-07-31,Douglas,100
2115,2021-07-31,Ferry,9
2116,2021-07-31,Franklin,134
2117,2021-07-31,Garfield,0
2118,2021-07-31,Grant,120
2119,2021-07-31,Grays Harbor,176
2120,2021-07-31,Island,625
2121,2021-07-31,Jefferson,339
2122,2021-07-31,King,31555
2123,2021-07-31,Kitsap,1910
2124,2021-07-31,Kittitas,166
2125,2021-07-31,Klickitat,77
2126,2021-07-31,Lewis,165
2127,2021-07-31,Lincoln,6
2128,2021-07-31,Mason,216
2129,2021-07-31,Okanogan,65
2130,2021-07-31,Pacific,46
2131,2021-07-31,Pend Oreille,15
2132,2021-07-31,Pierce,3636
2133,2021-07-31,San Juan,443
2134,2021-07-31,Skagit,609
2135,2021-07-31,Skamania,51
2136,2021-07-31,Snohomish,6126
2137,2021-07-31,Spokane,1118
2138,2021-07-31,Stevens,49
2139,2021-07-31,Thurston,1660
2140,2021-07-31,Wahkiakum,15
2141,2021-07-31,Walla Walla,115
2142,2021-07-31,Whatcom,1479
2143,2021-07-31,Whitman,61
2144,2021-07-31,Yakima,237
2145,2021-08-31,Adams,16
2146,2021-08-31,Asotin,21
2147,2021-08-31,Benton,567
2148,2021-08-31,Chelan,364
2149,2021-08-31,Clallam,351
2150,2021-08-31,Clark,3072
2151,2021-08-31,Columbia,7
2152,2021-08-31,Cowlitz,237
2153,2021-08-31,Douglas,103
2154,2021-08-31,Ferry,9
2155,2021-08-31,Franklin,139
2156,2021-08-31,Garfield,0
2157,2021-08-31,Grant,123
2158,2021-08-31,Grays Harbor,177
2159,2021-08-31,Island,645
2160,2021-08-31,Jefferson,350
2161,2021-08-31,King,32288
2162,2021-08-31,Kitsap,1951
2163,2021-08-31,Kittitas,173
2164,2021-08-31,Klickitat,82
2165,2021-08-31,Lewis,181
2166,2021-08-31,Lincoln,7
2167,2021-08-31,Mason,227
2168,2021-08-31,Okanogan,66
2169,2021-08-31,Pacific,48
2170,2021-08-31,Pend Oreille,16
2171,2021-08-31,Pierce,3773
2172,2021-08-31,San Juan,452
2173,2021-08-31,Skagit,621
2174,2021-08-31,Skamania,52
2175,2021-08-31,Snohomish,6310
2176,2021-08-31,Spokane,1157
2177,2021-08-31,Stevens,48
2178,2021-08-31,Thurston,1715
2179,2021-08-31,Wahkiakum,16
2180,2021-08-31,Walla Walla,121
2181,2021-08-31,Whatcom,1524
2182,2021-08-31,Whitman,63
2183,2021-08-31,Yakima,248
2184,2021-09-30,Adams,16
2185,2021-09-30,Asotin,20
2186,2021-09-30,Benton,581
2187,2021-09-30,Chelan,375
2188,2021-09-30,Clallam,360
2189,2021-09-30,Clark,3150
2190,2021-09-30,Columbia,7
2191,2021-09-30,Cowlitz,246
2192,2021-09-30,Douglas,103
2193,2021-09-30,Ferry,10
2194,2021-09-30,Franklin,138
2195,2021-09-30,Garfield,0
2196,2021-09-30,Grant,125
2197,2021-09-30,Grays Harbor,183
2198,2021-09-30,Island,661
2199,2021-09-30,Jefferson,358
2200,2021-09-30,King,32878
2201,2021-09-30,Kitsap,1992
2202,2021-09-30,Kittitas,180
2203,2021-09-30,Klickitat,83
2204,2021-09-30,Lewis,185
2205,2021-09-30,Lincoln,7
2206,2021-09-30,Mason,239
2207,2021-09-30,Okanogan,67
2208,2021-09-30,Pacific,49
2209,2021-09-30,Pend Oreille,17
2210,2021-09-30,Pierce,3876
2211,2021-09-30,San Juan,462
2212,2021-09-30,Skagit,641
2213,2021-09-30,Skamania,53
2214,2021-09-30,Snohomish,6456
2215,2021-09-30,Spokane,1186
2216,2021-09-30,Stevens,51
2217,2021-09-30,Thurston,1750
2218,2021-09-30,Wahkiakum,16
2219,2021-09-30,Walla Walla,128
2220,2021-09-30,Whatcom,1544
2221,2021-09-30,Whitman,64
2222,2021-09-30,Yakima,257
2223,2021-10-31,Adams,16
2224,2021-10-31,Asotin,21
2225,2021-10-31,Benton,595
2226,2021-10-31,Chelan,385
2227,2021-10-31,Clallam,366
2228,2021-10-31,Clark,3253
2229,2021-10-31,Columbia,7
2230,2021-10-31,Cowlitz,258
2231,2021-10-31,Douglas,103
2232,2021-10-31,Ferry,11
2233,2021-10-31,Franklin,144
2234,2021-10-31,Garfield,0
2235,2021-10-31,Grant,133
2236,2021-10-31,Grays Harbor,187
2237,2021-10-31,Island,678
2238,2021-10-31,Jefferson,362
2239,2021-10-31,King,33838
2240,2021-10-31,Kitsap,2041
2241,2021-10-31,Kittitas,193
2242,2021-10-31,Klickitat,87
2243,2021-10-31,Lewis,194
2244,2021-10-31,Lincoln,7
2245,2021-10-31,Mason,246
2246,2021-10-31,Okanogan,66
2247,2021-10-31,Pacific,49
2248,2021-10-31,Pend Oreille,18
2249,2021-10-31,Pierce,4000
2250,2021-10-31,San Juan,469
2251,2021-10-31,Skagit,649
2252,2021-10-31,Skamania,58
2253,2021-10-31,Snohomish,6656
2254,2021-10-31,Spokane,1217
2255,2021-10-31,Stevens,52
2256,2021-10-31,Thurston,1802
2257,2021-10-31,Wahkiakum,17
2258,2021-10-31,Walla Walla,132
2259,2021-10-31,Whatcom,1585
2260,2021-10-31,Whitman,63
2261,2021-10-31,Yakima,270
2262,2021-11-30,Adams,16
2263,2021-11-30,Asotin,21
2264,2021-11-30,Benton,625
2265,2021-11-30,Chelan,400
2266,2021-11-30,Clallam,373
2267,2021-11-30,Clark,3363
2268,2021-11-30,Columbia,6
2269,2021-11-30,Cowlitz,265
2270,2021-11-30,Douglas,106
2271,2021-11-30,Ferry,13
2272,2021-11-30,Franklin,154
2273,2021-11-30,Garfield,0
2274,2021-11-30,Grant,131
2275,2021-11-30,Grays Harbor,191
2276,2021-11-30,Island,700
2277,2021-11-30,Jefferson,372
2278,2021-11-30,King,34714
2279,2021-11-30,Kitsap,2082
2280,2021-11-30,Kittitas,196
2281,2021-11-30,Klickitat,88
2282,2021-11-30,Lewis,199
2283,2021-11-30,Lincoln,7
2284,2021-11-30,Mason,255
2285,2021-11-30,Okanogan,67
2286,2021-11-30,Pacific,51
2287,2021-11-30,Pend Oreille,18
2288,2021-11-30,Pierce,4128
2289,2021-11-30,San Juan,473
2290,2021-11-30,Skagit,667
2291,2021-11-30,Skamania,57
2292,2021-11-30,Snohomish,6839
2293,2021-11-30,Spokane,1261
2294,2021-11-30,Stevens,54
2295,2021-11-30,Thurston,1845
2296,2021-11-30,Wahkiakum,17
2297,2021-11-30,Walla Walla,137
2298,2021-11-30,Whatcom,1615
2299,2021-11-30,Whitman,66
2300,2021-11-30,Yakima,272
2301,2021-12-31,Adams,17
2302,2021-12-31,Asotin,22
2303,2021-12-31,Benton,639
2304,2021-12-31,Chelan,408
2305,2021-12-31,Clallam,384
2306,2021-12-31,Clark,3475
2307,2021-12-31,Columbia,6
2308,2021-12-31,Cowlitz,274
2309,2021-12-31,Douglas,116
2310,2021-12-31,Ferry,14
2311,2021-12-31,Franklin,162
2312,2021-12-31,Garfield,0
2313,2021-12-31,Grant,137
2314,2021-12-31,Grays Harbor,192
2315,2021-12-31,Island,713
2316,2021-12-31,Jefferson,382
2317,2021-12-31,King,35478
2318,2021-12-31,Kitsap,2128
2319,2021-12-31,Kittitas,207
2320,2021-12-31,Klickitat,89
2321,2021-12-31,Lewis,206
2322,2021-12-31,Lincoln,7
2323,2021-12-31,Mason,266
2324,2021-12-31,Okanogan,69
2325,2021-12-31,Pacific,51
2326,2021-12-31,Pend Oreille,18
2327,2021-12-31,Pierce,4234
2328,2021-12-31,San Juan,478
2329,2021-12-31,Skagit,695
2330,2021-12-31,Skamania,60
2331,2021-12-31,Snohomish,7026
2332,2021-12-31,Spokane,1309
2333,2021-12-31,Stevens,55
2334,2021-12-31,Thurston,1867
2335,2021-12-31,Wahkiakum,17
2336,2021-12-31,Walla Walla,143
2337,2021-12-31,Whatcom,1647
2338,2021-12-31,Whitman,67
2339,2021-12-31,Yakima,286
2340,2022-01-31,Adams,17
2341,2022-01-31,Asotin,23
2342,2022-01-31,Benton,654
2343,2022-01-31,Chelan,421
2344,2022-01-31,Clallam,392
2345,2022-01-31,Clark,3543
2346,2022-01-31,Columbia,6
2347,2022-01-31,Cowlitz,273
2348,2022-01-31,Douglas,118
2349,2022-01-31,Ferry,14
2350,2022-01-31,Franklin,169
2351,2022-01-31,Garfield,0
2352,2022-01-31,Grant,140
2353,2022-01-31,Grays Harbor,197
2354,2022-01-31,Island,734
2355,2022-01-31,Jefferson,385
2356,2022-01-31,King,36359
2357,2022-01-31,Kitsap,2190
2358,2022-01-31,Kittitas,216
2359,2022-01-31,Klickitat,90
2360,2022-01-31,Lewis,213
2361,2022-01-31,Lincoln,6
2362,2022-01-31,Mason,272
2363,2022-01-31,Okanogan,70
2364,2022-01-31,Pacific,55
2365,2022-01-31,Pend Oreille,17
2366,2022-01-31,Pierce,4365
2367,2022-01-31,San Juan,483
2368,2022-01-31,Skagit,701
2369,2022-01-31,Skamania,60
2370,2022-01-31,Snohomish,7224
2371,2022-01-31,Spokane,1349
2372,2022-01-31,Stevens,58
2373,2022-01-31,Thurston,1923
2374,2022-01-31,Wahkiakum,17
2375,2022-01-31,Walla Walla,146
2376,2022-01-31,Whatcom,1668
2377,2022-01-31,Whitman,69
2378,2022-01-31,Yakima,294
2379,2022-02-28,Adams,17
2380,2022-02-28,Asotin,22
2381,2022-02-28,Benton,664
2382,2022-02-28,Chelan,429
2383,2022-02-28,Clallam,394
2384,2022-02-28,Clark,3629
2385,2022-02-28,Columbia,6
2386,2022-02-28,Cowlitz,280
2387,2022-02-28,Douglas,122
2388,2022-02-28,Ferry,15
2389,2022-02-28,Franklin,175
2390,2022-02-28,Garfield,0
2391,2022-02-28,Grant,142
2392,2022-02-28,Grays Harbor,202
2393,2022-02-28,Island,745
2394,2022-02-28,Jefferson,394
2395,2022-02-28,King,37228
2396,2022-02-28,Kitsap,2229
2397,2022-02-28,Kittitas,218
2398,2022-02-28,Klickitat,92
2399,2022-02-28,Lewis,221
2400,2022-02-28,Lincoln,7
2401,2022-02-28,Mason,280
2402,2022-02-28,Okanogan,74
2403,2022-02-28,Pacific,58
2404,2022-02-28,Pend Oreille,17
2405,2022-02-28,Pierce,4484
2406,2022-02-28,San Juan,486
2407,2022-02-28,Skagit,716
2408,2022-02-28,Skamania,59
2409,2022-02-28,Snohomish,7457
2410,2022-02-28,Spokane,1391
2411,2022-02-28,Stevens,58
2412,2022-02-28,Thurston,1973
2413,2022-02-28,Wahkiakum,17
2414,2022-02-28,Walla Walla,152
2415,2022-02-28,Whatcom,1694
2416,2022-02-28,Whitman,70
2417,2022-02-28,Yakima,301
2418,2022-03-31,Adams,16
2419,2022-03-31,Asotin,22
2420,2022-03-31,Benton,699
2421,2022-03-31,Chelan,437
2422,2022-03-31,Clallam,403
2423,2022-03-31,Clark,3745
2424,2022-03-31,Columbia,6
2425,2022-03-31,Cowlitz,293
2426,2022-03-31,Douglas,125
2427,2022-03-31,Ferry,17
2428,2022-03-31,Franklin,179
2429,2022-03-31,Garfield,0
2430,2022-03-31,Grant,151
2431,2022-03-31,Grays Harbor,205
2432,2022-03-31,Island,758
2433,2022-03-31,Jefferson,408
2434,2022-03-31,King,37952
2435,2022-03-31,Kitsap,2274
2436,2022-03-31,Kittitas,225
2437,2022-03-31,Klickitat,96
2438,2022-03-31,Lewis,226
2439,2022-03-31,Lincoln,7
2440,2022-03-31,Mason,286
2441,2022-03-31,Okanogan,77
2442,2022-03-31,Pacific,61
2443,2022-03-31,Pend Oreille,16
2444,2022-03-31,Pierce,4629
2445,2022-03-31,San Juan,493
2446,2022-03-31,Skagit,731
2447,2022-03-31,Skamania,65
2448,2022-03-31,Snohomish,7669
2449,2022-03-31,Spokane,1442
2450,2022-03-31,Stevens,60
2451,2022-03-31,Thurston,2030
2452,2022-03-31,Wahkiakum,18
2453,2022-03-31,Walla Walla,157
2454,2022-03-31,Whatcom,1739
2455,2022-03-31,Whitman,79
2456,2022-03-31,Yakima,312
2457,2022-04-30,Adams,16
2458,2022-04-30,Asotin,24
2459,2022-04-30,Benton,716
2460,2022-04-30,Chelan,447
2461,2022-04-30,Clallam,405
2462,2022-04-30,Clark,3866
2463,2022-04-30,Columbia,7
2464,2022-04-30,Cowlitz,314
2465,2022-04-30,Douglas,126
2466,2022-04-30,Ferry,19
2467,2022-04-30,Franklin,179
2468,2022-04-30,Garfield,0
2469,2022-04-30,Grant,159
2470,2022-04-30,Grays Harbor,200
2471,2022-04-30,Island,779
2472,2022-04-30,Jefferson,415
2473,2022-04-30,King,39342
2474,2022-04-30,Kitsap,2325
2475,2022-04-30,Kittitas,236
2476,2022-04-30,Klickitat,100
2477,2022-04-30,Lewis,232
2478,2022-04-30,Lincoln,7
2479,2022-04-30,Mason,294
2480,2022-04-30,Okanogan,79
2481,2022-04-30,Pacific,60
2482,2022-04-30,Pend Oreille,16
2483,2022-04-30,Pierce,4837
2484,2022-04-30,San Juan,495
2485,2022-04-30,Skagit,752
2486,2022-04-30,Skamania,67
2487,2022-04-30,Snohomish,7969
2488,2022-04-30,Spokane,1510
2489,2022-04-30,Stevens,64
2490,2022-04-30,Thurston,2075
2491,2022-04-30,Wahkiakum,20
2492,2022-04-30,Walla Walla,163
2493,2022-04-30,Whatcom,1779
2494,2022-04-30,Whitman,83
2495,2022-04-30,Yakima,318
2496,2022-05-31,Adams,16
2497,2022-05-31,Asotin,23
2498,2022-05-31,Benton,731
2499,2022-05-31,Chelan,452
2500,2022-05-31,Clallam,411
2501,2022-05-31,Clark,3940
2502,2022-05-31,Columbia,7
2503,2022-05-31,Cowlitz,323
2504,2022-05-31,Douglas,131
2505,2022-05-31,Ferry,20
2506,2022-05-31,Franklin,181
2507,2022-05-31,Garfield,0
2508,2022-05-31,Grant,166
2509,2022-05-31,Grays Harbor,205
2510,2022-05-31,Island,797
2511,2022-05-31,Jefferson,425
2512,2022-05-31,King,40046
2513,2022-05-31,Kitsap,2356
2514,2022-05-31,Kittitas,249
2515,2022-05-31,Klickitat,100
2516,2022-05-31,Lewis,231
2517,2022-05-31,Lincoln,8
2518,2022-05-31,Mason,305
2519,2022-05-31,Okanogan,82
2520,2022-05-31,Pacific,60
2521,2022-05-31,Pend Oreille,16
2522,2022-05-31,Pierce,4955
2523,2022-05-31,San Juan,500
2524,2022-05-31,Skagit,760
2525,2022-05-31,Skamania,70
2526,2022-05-31,Snohomish,8146
2527,2022-05-31,Spokane,1543
2528,2022-05-31,Stevens,64
2529,2022-05-31,Thurston,2130
2530,2022-05-31,Wahkiakum,22
2531,2022-05-31,Walla Walla,171
2532,2022-05-31,Whatcom,1804
2533,2022-05-31,Whitman,84
2534,2022-05-31,Yakima,325
2535,2022-06-30,Adams,18
2536,2022-06-30,Asotin,23
2537,2022-06-30,Benton,754
2538,2022-06-30,Chelan,464
2539,2022-06-30,Clallam,424
2540,2022-06-30,Clark,4100
2541,2022-06-30,Columbia,7
2542,2022-06-30,Cowlitz,338
2543,2022-06-30,Douglas,131
2544,2022-06-30,Ferry,19
2545,2022-06-30,Franklin,186
2546,2022-06-30,Garfield,0
2547,2022-06-30,Grant,175
2548,2022-06-30,Grays Harbor,211
2549,2022-06-30,Island,821
2550,2022-06-30,Jefferson,436
2551,2022-06-30,King,40785
2552,2022-06-30,Kitsap,2396
2553,2022-06-30,Kittitas,267
2554,2022-06-30,Klickitat,103
2555,2022-06-30,Lewis,235
2556,2022-06-30,Lincoln,8
2557,2022-06-30,Mason,312
2558,2022-06-30,Okanogan,84
2559,2022-06-30,Pacific,61
2560,2022-06-30,Pend Oreille,17
2561,2022-06-30,Pierce,5066
2562,2022-06-30,San Juan,514
2563,2022-06-30,Skagit,782
2564,2022-06-30,Skamania,73
2565,2022-06-30,Snohomish,8372
2566,2022-06-30,Spokane,1602
2567,2022-06-30,Stevens,68
2568,2022-06-30,Thurston,2188
2569,2022-06-30,Wahkiakum,23
2570,2022-06-30,Walla Walla,172
2571,2022-06-30,Whatcom,1821
2572,2022-06-30,Whitman,88
2573,2022-06-30,Yakima,337
2574,2022-07-31,Adams,20
2575,2022-07-31,Asotin,24
2576,2022-07-31,Benton,783
2577,2022-07-31,Chelan,481
2578,2022-07-31,Clallam,435
2579,2022-07-31,Clark,4236
2580,2022-07-31,Columbia,7
2581,2022-07-31,Cowlitz,351
2582,2022-07-31,Douglas,139
2583,2022-07-31,Ferry,21
2584,2022-07-31,Franklin,204
2585,2022-07-31,Garfield,1
2586,2022-07-31,Grant,183
2587,2022-07-31,Grays Harbor,216
2588,2022-07-31,Island,839
2589,2022-07-31,Jefferson,445
2590,2022-07-31,King,42015
2591,2022-07-31,Kitsap,2475
2592,2022-07-31,Kittitas,279
2593,2022-07-31,Klickitat,106
2594,2022-07-31,Lewis,246
2595,2022-07-31,Lincoln,9
2596,2022-07-31,Mason,324
2597,2022-07-31,Okanogan,89
2598,2022-07-31,Pacific,64
2599,2022-07-31,Pend Oreille,18
2600,2022-07-31,Pierce,5262
2601,2022-07-31,San Juan,525
2602,2022-07-31,Skagit,817
2603,2022-07-31,Skamania,76
2604,2022-07-31,Snohomish,8688
2605,2022-07-31,Spokane,1683
2606,2022-07-31,Stevens,73
2607,2022-07-31,Thurston,2249
2608,2022-07-31,Wahkiakum,24
2609,2022-07-31,Walla Walla,176
2610,2022-07-31,Whatcom,1875
2611,2022-07-31,Whitman,90
2612,2022-07-31,Yakima,354
2613,2022-08-31,Adams,22
2614,2022-08-31,Asotin,24
2615,2022-08-31,Benton,820
2616,2022-08-31,Chelan,491
2617,2022-08-31,Clallam,439
2618,2022-08-31,Clark,4362
2619,2022-08-31,Columbia,8
2620,2022-08-31,Cowlitz,355
2621,2022-08-31,Douglas,142
2622,2022-08-31,Ferry,20
2623,2022-08-31,Franklin,226
2624,2022-08-31,Garfield,1
2625,2022-08-31,Grant,199
2626,2022-08-31,Grays Harbor,220
2627,2022-08-31,Island,865
2628,2022-08-31,Jefferson,456
2629,2022-08-31,King,43133
2630,2022-08-31,Kitsap,2541
2631,2022-08-31,Kittitas,287
2632,2022-08-31,Klickitat,108
2633,2022-08-31,Lewis,243
2634,2022-08-31,Lincoln,9
2635,2022-08-31,Mason,334
2636,2022-08-31,Okanogan,89
2637,2022-08-31,Pacific,70
2638,2022-08-31,Pend Oreille,18
2639,2022-08-31,Pierce,5459
2640,2022-08-31,San Juan,535
2641,2022-08-31,Skagit,859
2642,2022-08-31,Skamania,82
2643,2022-08-31,Snohomish,8971
2644,2022-08-31,Spokane,1752
2645,2022-08-31,Stevens,77
2646,2022-08-31,Thurston,2343
2647,2022-08-31,Wahkiakum,25
2648,2022-08-31,Walla Walla,181
2649,2022-08-31,Whatcom,1928
2650,2022-08-31,Whitman,96
2651,2022-08-31,Yakima,365
2652,2022-09-30,Adams,23
2653,2022-09-30,Asotin,25
2654,2022-09-30,Benton,838
2655,2022-09-30,Chelan,499
2656,2022-09-30,Clallam,448
2657,2022-09-30,Clark,4495
2658,2022-09-30,Columbia,8
2659,2022-09-30,Cowlitz,371
2660,2022-09-30,Douglas,148
2661,2022-09-30,Ferry,22
2662,2022-09-30,Franklin,233
2663,2022-09-30,Garfield,1
2664,2022-09-30,Grant,203
2665,2022-09-30,Grays Harbor,226
2666,2022-09-30,Island,885
2667,2022-09-30,Jefferson,457
2668,2022-09-30,King,43729
2669,2022-09-30,Kitsap,2594
2670,2022-09-30,Kittitas,294
2671,2022-09-30,Klickitat,111
2672,2022-09-30,Lewis,253
2673,2022-09-30,Lincoln,10
2674,2022-09-30,Mason,343
2675,2022-09-30,Okanogan,94
2676,2022-09-30,Pacific,70
2677,2022-09-30,Pend Oreille,18
2678,2022-09-30,Pierce,5572
2679,2022-09-30,San Juan,542
2680,2022-09-30,Skagit,874
2681,2022-09-30,Skamania,85
2682,2022-09-30,Snohomish,9129
2683,2022-09-30,Spokane,1780
2684,2022-09-30,Stevens,82
2685,2022-09-30,Thurston,2402
2686,2022-09-30,Wahkiakum,25
2687,2022-09-30,Walla Walla,189
2688,2022-09-30,Whatcom,1966
2689,2022-09-30,Whitman,98
2690,2022-09-30,Yakima,379
2691,2022-10-31,Adams,23
2692,2022-10-31,Asotin,26
2693,2022-10-31,Benton,873
2694,2022-10-31,Chelan,514
2695,2022-10-31,Clallam,463
2696,2022-10-31,Clark,4635
2697,2022-10-31,Columbia,8
2698,2022-10-31,Cowlitz,387
2699,2022-10-31,Douglas,160
2700,2022-10-31,Ferry,24
2701,2022-10-31,Franklin,241
2702,2022-10-31,Garfield,1
2703,2022-10-31,Grant,213
2704,2022-10-31,Grays Harbor,233
2705,2022-10-31,Island,913
2706,2022-10-31,Jefferson,469
2707,2022-10-31,King,45664
2708,2022-10-31,Kitsap,2657
2709,2022-10-31,Kittitas,296
2710,2022-10-31,Klickitat,117
2711,2022-10-31,Lewis,263
2712,2022-10-31,Lincoln,12
2713,2022-10-31,Mason,356
2714,2022-10-31,Okanogan,97
2715,2022-10-31,Pacific,69
2716,2022-10-31,Pend Oreille,18
2717,2022-10-31,Pierce,5804
2718,2022-10-31,San Juan,556
2719,2022-10-31,Skagit,892
2720,2022-10-31,Skamania,85
2721,2022-10-31,Snohomish,9507
2722,2022-10-31,Spokane,1849
2723,2022-10-31,Stevens,85
2724,2022-10-31,Thurston,2499
2725,2022-10-31,Wahkiakum,25
2726,2022-10-31,Walla Walla,193
2727,2022-10-31,Whatcom,2014
2728,2022-10-31,Whitman,106
2729,2022-10-31,Yakima,399
2730,2022-11-30,Adams,23
2731,2022-11-30,Asotin,29
2732,2022-11-30,Benton,920
2733,2022-11-30,Chelan,534
2734,2022-11-30,Clallam,478
2735,2022-11-30,Clark,4818
2736,2022-11-30,Columbia,8
2737,2022-11-30,Cowlitz,395
2738,2022-11-30,Douglas,164
2739,2022-11-30,Ferry,24
2740,2022-11-30,Franklin,249
2741,2022-11-30,Garfield,1
2742,2022-11-30,Grant,225
2743,2022-11-30,Grays Harbor,245
2744,2022-11-30,Island,935
2745,2022-11-30,Jefferson,480
2746,2022-11-30,King,47377
2747,2022-11-30,Kitsap,2726
2748,2022-11-30,Kittitas,301
2749,2022-11-30,Klickitat,123
2750,2022-11-30,Lewis,262
2751,2022-11-30,Lincoln,12
2752,2022-11-30,Mason,367
2753,2022-11-30,Okanogan,102
2754,2022-11-30,Pacific,71
2755,2022-11-30,Pend Oreille,19
2756,2022-11-30,Pierce,6064
2757,2022-11-30,San Juan,561
2758,2022-11-30,Skagit,914
2759,2022-11-30,Skamania,89
2760,2022-11-30,Snohomish,9961
2761,2022-11-30,Spokane,1913
2762,2022-11-30,Stevens,89
2763,2022-11-30,Thurston,2588
2764,2022-11-30,Wahkiakum,26
2765,2022-11-30,Walla Walla,204
2766,2022-11-30,Whatcom,2079
2767,2022-11-30,Whitman,112
2768,2022-11-30,Yakima,416
2769,2022-12-31,Adams,24
2770,2022-12-31,Asotin,29
2771,2022-12-31,Benton,943
2772,2022-12-31,Chelan,547
2773,2022-12-31,Clallam,490
2774,2022-12-31,Clark,4974
2775,2022-12-31,Columbia,7
2776,2022-12-31,Cowlitz,412
2777,2022-12-31,Douglas,172
2778,2022-12-31,Ferry,24
2779,2022-12-31,Franklin,256
2780,2022-12-31,Garfield,1
2781,2022-12-31,Grant,235
2782,2022-12-31,Grays Harbor,248
2783,2022-12-31,Island,946
2784,2022-12-31,Jefferson,486
2785,2022-12-31,King,48577
2786,2022-12-31,Kitsap,2799
2787,2022-12-31,Kittitas,305
2788,2022-12-31,Klickitat,127
2789,2022-12-31,Lewis,269
2790,2022-12-31,Lincoln,12
2791,2022-12-31,Mason,376
2792,2022-12-31,Okanogan,101
2793,2022-12-31,Pacific,76
2794,2022-12-31,Pend Oreille,21
2795,2022-12-31,Pierce,6241
2796,2022-12-31,San Juan,569
2797,2022-12-31,Skagit,932
2798,2022-12-31,Skamania,89
2799,2022-12-31,Snohomish,10275
2800,2022-12-31,Spokane,1959
2801,2022-12-31,Stevens,91
2802,2022-12-31,Thurston,2666
2803,2022-12-31,Wahkiakum,27
2804,2022-12-31,Walla Walla,204
2805,2022-12-31,Whatcom,2141
2806,2022-12-31,Whitman,113
2807,2022-12-31,Yakima,431
2808,2023-01-31,Adams,23
2809,2023-01-31,Asotin,30
2810,2023-01-31,Benton,974
2811,2023-01-31,Chelan,569
2812,2023-01-31,Clallam,508
2813,2023-01-31,Clark,5141
2814,2023-01-31,Columbia,8
2815,2023-01-31,Cowlitz,428
2816,2023-01-31,Douglas,177
2817,2023-01-31,Ferry,24
2818,2023-01-31,Franklin,266
2819,2023-01-31,Garfield,1
2820,2023-01-31,Grant,236
2821,2023-01-31,Grays Harbor,262
2822,2023-01-31,Island,975
2823,2023-01-31,Jefferson,501
2824,2023-01-31,King,50332
2825,2023-01-31,Kitsap,2878
2826,2023-01-31,Kittitas,316
2827,2023-01-31,Klickitat,131
2828,2023-01-31,Lewis,283
2829,2023-01-31,Lincoln,14
2830,2023-01-31,Mason,388
2831,2023-01-31,Okanogan,109
2832,2023-01-31,Pacific,74
2833,2023-01-31,Pend Oreille,23
2834,2023-01-31,Pierce,6494
2835,2023-01-31,San Juan,581
2836,2023-01-31,Skagit,967
2837,2023-01-31,Skamania,94
2838,2023-01-31,Snohomish,10712
2839,2023-01-31,Spokane,2017
2840,2023-01-31,Stevens,97
2841,2023-01-31,Thurston,2745
2842,2023-01-31,Wahkiakum,26
2843,2023-01-31,Walla Walla,206
2844,2023-01-31,Whatcom,2198
2845,2023-01-31,Whitman,123
2846,2023-01-31,Yakima,443
2847,2023-02-28,Adams,23
2848,2023-02-28,Asotin,30
2849,2023-02-28,Benton,1004
2850,2023-02-28,Chelan,583
2851,2023-02-28,Clallam,516
2852,2023-02-28,Clark,5254
2853,2023-02-28,Columbia,8
2854,2023-02-28,Cowlitz,435
2855,2023-02-28,Douglas,186
2856,2023-02-28,Ferry,21
2857,2023-02-28,Franklin,279
2858,2023-02-28,Garfield,1
2859,2023-02-28,Grant,249
2860,2023-02-28,Grays Harbor,274
2861,2023-02-28,Island,996
2862,2023-02-28,Jefferson,518
2863,2023-02-28,King,51550
2864,2023-02-28,Kitsap,2942
2865,2023-02-28,Kittitas,327
2866,2023-02-28,Klickitat,131
2867,2023-02-28,Lewis,296
2868,2023-02-28,Lincoln,16
2869,2023-02-28,Mason,403
2870,2023-02-28,Okanogan,111
2871,2023-02-28,Pacific,74
2872,2023-02-28,Pend Oreille,26
2873,2023-02-28,Pierce,6705
2874,2023-02-28,San Juan,590
2875,2023-02-28,Skagit,998
2876,2023-02-28,Skamania,94
2877,2023-02-28,Snohomish,11060
2878,2023-02-28,Spokane,2067
2879,2023-02-28,Stevens,100
2880,2023-02-28,Thurston,2824
2881,2023-02-28,Wahkiakum,27
2882,2023-02-28,Walla Walla,209
2883,2023-02-28,Whatcom,2265
2884,2023-02-28,Whitman,128
2885,2023-02-28,Yakima,454
2886,2023-03-31,Adams,25
2887,2023-03-31,Asotin,31
2888,2023-03-31,Benton,1057
2889,2023-03-31,Chelan,603
2890,2023-03-31,Clallam,525
2891,2023-03-31,Clark,5375
2892,2023-03-31,Columbia,8
2893,2023-03-31,Cowlitz,444
2894,2023-03-31,Douglas,187
2895,2023-03-31,Ferry,19
2896,2023-03-31,Franklin,290
2897,2023-03-31,Garfield,1
2898,2023-03-31,Grant,263
2899,2023-03-31,Grays Harbor,281
2900,2023-03-31,Island,1010
2901,2023-03-31,Jefferson,532
2902,2023-03-31,King,52689
2903,2023-03-31,Kitsap,3016
2904,2023-03-31,Kittitas,332
2905,2023-03-31,Klickitat,139
2906,2023-03-31,Lewis,300
2907,2023-03-31,Lincoln,18
2908,2023-03-31,Mason,414
2909,2023-03-31,Okanogan,119
2910,2023-03-31,Pacific,78
2911,2023-03-31,Pend Oreille,28
2912,2023-03-31,Pierce,6964
2913,2023-03-31,San Juan,606
2914,2023-03-31,Skagit,1041
2915,2023-03-31,Skamania,97
2916,2023-03-31,Snohomish,11446
2917,2023-03-31,Spokane,2131
2918,2023-03-31,Stevens,104
2919,2023-03-31,Thurston,2885
2920,2023-03-31,Wahkiakum,27
2921,2023-03-31,Walla Walla,214
2922,2023-03-31,Whatcom,2326
2923,2023-03-31,Whitman,135
2924,2023-03-31,Yakima,467
2925,2023-04-30,Adams,26
2926,2023-04-30,Asotin,33
2927,2023-04-30,Benton,1110
2928,2023-04-30,Chelan,629
2929,2023-04-30,Clallam,537
2930,2023-04-30,Clark,5545
2931,2023-04-30,Columbia,8
2932,2023-04-30,Cowlitz,445
2933,2023-04-30,Douglas,197
2934,2023-04-30,Ferry,19
2935,2023-04-30,Franklin,303
2936,2023-04-30,Garfield,1
2937,2023-04-30,Grant,277
2938,2023-04-30,Grays Harbor,291
2939,2023-04-30,Island,1041
2940,2023-04-30,Jefferson,541
2941,2023-04-30,King,54491
2942,2023-04-30,Kitsap,3120
2943,2023-04-30,Kittitas,336
2944,2023-04-30,Klickitat,147
2945,2023-04-30,Lewis,308
2946,2023-04-30,Lincoln,18
2947,2023-04-30,Mason,427
2948,2023-04-30,Okanogan,124
2949,2023-04-30,Pacific,80
2950,2023-04-30,Pend Oreille,31
2951,2023-04-30,Pierce,7276
2952,2023-04-30,San Juan,617
2953,2023-04-30,Skagit,1071
2954,2023-04-30,Skamania,101
2955,2023-04-30,Snohomish,11839
2956,2023-04-30,Spokane,2198
2957,2023-04-30,Stevens,108
2958,2023-04-30,Thurston,2976
2959,2023-04-30,Wahkiakum,29
2960,2023-04-30,Walla Walla,218
2961,2023-04-30,Whatcom,2389
2962,2023-04-30,Whitman,142
2963,2023-04-30,Yakima,479
2964,2023-05-31,Adams,27
2965,2023-05-31,Asotin,34
2966,2023-05-31,Benton,1143
2967,2023-05-31,Chelan,646
2968,2023-05-31,Clallam,554
2969,2023-05-31,Clark,5730
2970,2023-05-31,Columbia,9
2971,2023-05-31,Cowlitz,466
2972,2023-05-31,Douglas,206
2973,2023-05-31,Ferry,20
2974,2023-05-31,Franklin,305
2975,2023-05-31,Garfield,1
2976,2023-05-31,Grant,287
2977,2023-05-31,Grays Harbor,297
2978,2023-05-31,Island,1074
2979,2023-05-31,Jefferson,562
2980,2023-05-31,King,56301
2981,2023-05-31,Kitsap,3204
2982,2023-05-31,Kittitas,350
2983,2023-05-31,Klickitat,156
2984,2023-05-31,Lewis,316
2985,2023-05-31,Lincoln,16
2986,2023-05-31,Mason,440
2987,2023-05-31,Okanogan,132
2988,2023-05-31,Pacific,80
2989,2023-05-31,Pend Oreille,30
2990,2023-05-31,Pierce,7562
2991,2023-05-31,San Juan,625
2992,2023-05-31,Skagit,1098
2993,2023-05-31,Skamania,103
2994,2023-05-31,Snohomish,12337
2995,2023-05-31,Spokane,2272
2996,2023-05-31,Stevens,110
2997,2023-05-31,Thurston,3100
2998,2023-05-31,Wahkiakum,28
2999,2023-05-31,Walla Walla,220
3000,2023-05-31,Whatcom,2445
3001,2023-05-31,Whitman,148
3002,2023-05-31,Yakima,497
3003,2023-06-30,Adams,28
3004,2023-06-30,Asotin,35
3005,2023-06-30,Benton,1166
3006,2023-06-30,Chelan,667
3007,2023-06-30,Clallam,567
3008,2023-06-30,Clark,5944
3009,2023-06-30,Columbia,11
3010,2023-06-30,Cowlitz,485
3011,2023-06-30,Douglas,214
3012,2023-06-30,Ferry,21
3013,2023-06-30,Franklin,310
3014,2023-06-30,Garfield,1
3015,2023-06-30,Grant,292
3016,2023-06-30,Grays Harbor,304
3017,2023-06-30,Island,1108
3018,2023-06-30,Jefferson,574
3019,2023-06-30,King,58220
3020,2023-06-30,Kitsap,3301
3021,2023-06-30,Kittitas,363
3022,2023-06-30,Klickitat,163
3023,2023-06-30,Lewis,337
3024,2023-06-30,Lincoln,16
3025,2023-06-30,Mason,455
3026,2023-06-30,Okanogan,132
3027,2023-06-30,Pacific,81
3028,2023-06-30,Pend Oreille,30
3029,2023-06-30,Pierce,7757
3030,2023-06-30,San Juan,630
3031,2023-06-30,Skagit,1126
3032,2023-06-30,Skamania,107
3033,2023-06-30,Snohomish,12801
3034,2023-06-30,Spokane,2351
3035,2023-06-30,Stevens,113
3036,2023-06-30,Thurston,3172
3037,2023-06-30,Wahkiakum,29
3038,2023-06-30,Walla Walla,225
3039,2023-06-30,Whatcom,2541
3040,2023-06-30,Whitman,154
3041,2023-06-30,Yakima,516
3042,2023-07-31,Adams,27
3043,2023-07-31,Asotin,36
3044,2023-07-31,Benton,1196
3045,2023-07-31,Chelan,673
3046,2023-07-31,Clallam,586
3047,2023-07-31,Clark,6117
3048,2023-07-31,Columbia,11
3049,2023-07-31,Cowlitz,495
3050,2023-07-31,Douglas,218
3051,2023-07-31,Ferry,21
3052,2023-07-31,Franklin,325
3053,2023-07-31,Garfield,0
3054,2023-07-31,Grant,306
3055,2023-07-31,Grays Harbor,324
3056,2023-07-31,Island,1145
3057,2023-07-31,Jefferson,590
3058,2023-07-31,King,60116
3059,2023-07-31,Kitsap,3382
3060,2023-07-31,Kittitas,375
3061,2023-07-31,Klickitat,167
3062,2023-07-31,Lewis,343
3063,2023-07-31,Lincoln,18
3064,2023-07-31,Mason,479
3065,2023-07-31,Okanogan,137
3066,2023-07-31,Pacific,83
3067,2023-07-31,Pend Oreille,30
3068,2023-07-31,Pierce,8023
3069,2023-07-31,San Juan,645
3070,2023-07-31,Skagit,1167
3071,2023-07-31,Skamania,110
3072,2023-07-31,Snohomish,13329
3073,2023-07-31,Spokane,2409
3074,2023-07-31,Stevens,119
3075,2023-07-31,Thurston,3253
3076,2023-07-31,Wahkiakum,30
3077,2023-07-31,Walla Walla,230
3078,2023-07-31,Whatcom,2615
3079,2023-07-31,Whitman,164
3080,2023-07-31,Yakima,529
3081,2023-08-31,Adams,28
3082,2023-08-31,Asotin,38
3083,2023-08-31,Benton,1227
3084,2023-08-31,Chelan,692
3085,2023-08-31,Clallam,615
3086,2023-08-31,Clark,6412
3087,2023-08-31,Columbia,12
3088,2023-08-31,Cowlitz,527
3089,2023-08-31,Douglas,224
3090,2023-08-31,Ferry,20
3091,2023-08-31,Franklin,358
3092,2023-08-31,Garfield,0
3093,2023-08-31,Grant,316
3094,2023-08-31,Grays Harbor,336
3095,2023-08-31,Island,1184
3096,2023-08-31,Jefferson,605
3097,2023-08-31,King,62879
3098,2023-08-31,Kitsap,3519
3099,2023-08-31,Kittitas,390
3100,2023-08-31,Klickitat,173
3101,2023-08-31,Lewis,352
3102,2023-08-31,Lincoln,19
3103,2023-08-31,Mason,493
3104,2023-08-31,Okanogan,144
3105,2023-08-31,Pacific,86
3106,2023-08-31,Pend Oreille,30
3107,2023-08-31,Pierce,8438
3108,2023-08-31,San Juan,660
3109,2023-08-31,Skagit,1210
3110,2023-08-31,Skamania,110
3111,2023-08-31,Snohomish,14067
3112,2023-08-31,Spokane,2491
3113,2023-08-31,Stevens,124
3114,2023-08-31,Thurston,3422
3115,2023-08-31,Wahkiakum,31
3116,2023-08-31,Walla Walla,239
3117,2023-08-31,Whatcom,2705
3118,2023-08-31,Whitman,175
3119,2023-08-31,Yakima,564
3120,2023-09-30,Adams,30
3121,2023-09-30,Asotin,39
3122,2023-09-30,Benton,1264
3123,2023-09-30,Chelan,701
3124,2023-09-30,Clallam,618
3125,2023-09-30,Clark,6533
3126,2023-09-30,Columbia,12
3127,2023-09-30,Cowlitz,540
3128,2023-09-30,Douglas,229
3129,2023-09-30,Ferry,23
3130,2023-09-30,Franklin,356
3131,2023-09-30,Garfield,0
3132,2023-09-30,Grant,332
3133,2023-09-30,Grays Harbor,337
3134,2023-09-30,Island,1201
3135,2023-09-30,Jefferson,615
3136,2023-09-30,King,63766
3137,2023-09-30,Kitsap,3629
3138,2023-09-30,Kittitas,392
3139,2023-09-30,Klickitat,184
3140,2023-09-30,Lewis,364
3141,2023-09-30,Lincoln,18
3142,2023-09-30,Mason,501
3143,2023-09-30,Okanogan,142
3144,2023-09-30,Pacific,91
3145,2023-09-30,Pend Oreille,29
3146,2023-09-30,Pierce,8588
3147,2023-09-30,San Juan,665
3148,2023-09-30,Skagit,1248
3149,2023-09-30,Skamania,114
3150,2023-09-30,Snohomish,14335
3151,2023-09-30,Spokane,2561
3152,2023-09-30,Stevens,123
3153,2023-09-30,Thurston,3465
3154,2023-09-30,Wahkiakum,32
3155,2023-09-30,Walla Walla,249
3156,2023-09-30,Whatcom,2752
3157,2023-09-30,Whitman,181
3158,2023-09-30,Yakima,573
